title,target
Anti-Alpha,Anti-Omega (new)
Anti-Omega,Anti-Alpha (new)
Category:Historical documents,:Category:Historical Documents
Category:Three pilgrimages,:Category:Three Pilgrimages
Esther,Aster
File:Astra Ventura.png,File:Astra.png
Fudoki,The Hallowings
Himiko,Himiko (zelda clone character)
Notes:Q1,Esther
Patriarchal Priesthood,Patriarchal priesthood
Template:-,Template:Clear
Template:Allow wrap,Template:Wrap
Template:Begin hidden,Template:Hidden begin
Template:Bquote,Template:Blockquote
Template:Catmain,Template:Cat main
Template:Chart/end,Template:Tree chart/end
Template:Cite dictionary,Template:Cite encyclopedia
Template:Cl,Template:Category link
Template:Cn,Template:Citation needed
Template:Commonscat,Template:Commons category
Template:Design Patterns Patterns,Template:Design patterns
Template:Efn-lr,Template:Efn
Template:End hidden,Template:Hidden end
Template:Harv,Template:Harvard citation
Template:Ill,Template:Interlanguage link
Template:L,Template:link
Template:Lb,Template:label
Template:Lowercase,Template:Lowercase title
Template:Main article,Template:Main
Template:Nbsp,Template:Spaces
Template:Ombox/shortcut,Template:Shortcut
Template:Pp-protected,Template:Pp
Template:Q,Template:Wikidata entity link
Template:Qn,Template:Request quotation
Template:Quote,Template:Blockquote
Template:R from template shortcut,Template:R from shortcut
Template:R protected,Template:R fully protected
Template:R template protected,Template:R template-protected
Template:Rcat shell,Template:Redirect category shell
Template:Redirect from move,Template:R from move
Template:Redirect from template shortcut,Template:R from shortcut
Template:Sisterlinks,Template:Sister project links
Template:SubatomicParticle,Template:Subatomic particle
Template:Tl,Template:Template link
Template:Tlc,Template:Template link code
Template:Tlf,Template:Template link with link off
Template:Tn,Template:Template link with linked braces
Template:V,Template:VTE
Template:Wikipedia category,Template:Maintenance category
Template:Youtube channel,Template:Youtube
Template:Zh,Template:Lang-zh
