tangle	size	tangle_head	parent	parent_label	child	child_label	ancestors_lost	stranded	lost_qids
1	71	Flavia Julia Constantia	Q72239	Vipsania Agrippina	Q77611	Drusus Julius Caesar	2225	0	(2225 records, not listed)
1	71	Flavia Julia Constantia	Q141756	Annia Rupilia Faustina	Q65192	Gaius Annianus Verus	2162	1	(2162 records, not listed)
1	71	Flavia Julia Constantia	Q65489	Hadrian	Q64516	Antoninus Pius	2103	1	(2103 records, not listed)
1	71	Flavia Julia Constantia	Q70152	Rubellia Bassa	Q68488	Octavia	1968	0	(1968 records, not listed)
1	71	Flavia Julia Constantia	Q70152	Rubellia Bassa	Q69972	Octavia Sergia Plotilla	1966	0	(1966 records, not listed)
1	71	Flavia Julia Constantia	Q77611	Drusus Julius Caesar	Q138467	Julia Livia	1963	0	(1963 records, not listed)
1	71	Flavia Julia Constantia	Q77611	Drusus Julius Caesar	Q77386	Julia Livia	1963	0	(1963 records, not listed)
1	71	Flavia Julia Constantia	Q62255	Aurelia Pompeiana	Q61957	Claudia Crispina	452	1	(452 records, not listed)
1	71	Flavia Julia Constantia	Q62704	Lucius Aurellius Commodus Pompeianus	Q62255	Aurelia Pompeiana	117	0	Q138496 Q139723 Q141492 Q141581 Q141604 Q144062 Q144075 Q144147 Q144237 Q144242 Q144282 Q148068 Q148182 Q148183 Q148199 Q148200 Q148211 Q148212 Q151430 Q151494 Q151513 Q151516 Q151520 Q151568 Q151607 Q151694 Q62704 Q63192 Q63224 Q63747 Q63780 Q63813 Q64483 Q64516 Q65423 Q65456 Q65489 Q66587 Q66620 Q66653 Q66685 Q66718 Q66751 Q66784 Q66817 Q68025 Q68058 Q68091 Q68124 Q68157 Q68223 Q68256 Q68283 Q68317 Q68335 Q69679 Q69706 Q69763 Q69787 Q69907 Q69940 Q69972 Q70005 Q70331 Q70334 Q70368 Q70374 Q70376 Q70379 Q70394 Q70415 Q70448 Q70469 Q70502 Q70523 Q70955 Q71161 Q71173 Q71194 Q71215 Q71236 Q71269 Q71415 Q71445 Q71475 Q72257 Q72296 Q72299 Q72302 Q72305 Q72308 Q72311 Q72314 Q72317 Q72442 Q72499 Q72505 Q72508 Q72627 Q72687 Q72690 Q72804 Q72861 Q72864 Q72960 Q73008 Q73134 Q73170 Q73302 Q73332 Q73452 Q73479 Q73599 Q73710 Q73812 Q73910 Q73985
1	71	Flavia Julia Constantia	Q63747	Faustina the Younger	Q63192	Lucilla	112	0	Q138496 Q139723 Q141492 Q141581 Q141604 Q144062 Q144075 Q144147 Q144237 Q144242 Q144282 Q148068 Q148182 Q148183 Q148199 Q148200 Q148211 Q148212 Q151430 Q151494 Q151513 Q151516 Q151520 Q151568 Q151607 Q151694 Q63747 Q64483 Q64516 Q65423 Q65456 Q65489 Q66587 Q66620 Q66653 Q66685 Q66718 Q66751 Q66784 Q66817 Q68025 Q68058 Q68091 Q68124 Q68157 Q68223 Q68256 Q68283 Q68317 Q68335 Q69679 Q69706 Q69763 Q69787 Q69907 Q69940 Q69972 Q70005 Q70331 Q70334 Q70368 Q70374 Q70376 Q70379 Q70394 Q70415 Q70448 Q70469 Q70502 Q70523 Q70955 Q71161 Q71173 Q71194 Q71215 Q71236 Q71269 Q71415 Q71445 Q71475 Q72257 Q72296 Q72299 Q72302 Q72305 Q72308 Q72311 Q72314 Q72317 Q72442 Q72499 Q72505 Q72508 Q72627 Q72687 Q72690 Q72804 Q72861 Q72864 Q72960 Q73008 Q73134 Q73170 Q73302 Q73332 Q73452 Q73479 Q73599 Q73710 Q73812 Q73910 Q73985
1	71	Flavia Julia Constantia	Q64516	Antoninus Pius	Q63747	Faustina the Younger	110	0	Q138496 Q139723 Q141492 Q141581 Q141604 Q144062 Q144075 Q144147 Q144237 Q144242 Q144282 Q148068 Q148182 Q148183 Q148199 Q148200 Q148211 Q148212 Q151430 Q151494 Q151513 Q151516 Q151520 Q151568 Q151607 Q151694 Q64516 Q65423 Q65456 Q65489 Q66587 Q66620 Q66653 Q66685 Q66718 Q66751 Q66784 Q66817 Q68025 Q68058 Q68091 Q68124 Q68157 Q68223 Q68256 Q68283 Q68317 Q68335 Q69679 Q69706 Q69763 Q69787 Q69907 Q69940 Q69972 Q70005 Q70331 Q70334 Q70368 Q70374 Q70376 Q70379 Q70394 Q70415 Q70448 Q70469 Q70502 Q70523 Q70955 Q71161 Q71173 Q71194 Q71215 Q71236 Q71269 Q71415 Q71445 Q71475 Q72257 Q72296 Q72299 Q72302 Q72305 Q72308 Q72311 Q72314 Q72317 Q72442 Q72499 Q72505 Q72508 Q72627 Q72687 Q72690 Q72804 Q72861 Q72864 Q72960 Q73008 Q73134 Q73170 Q73302 Q73332 Q73452 Q73479 Q73599 Q73710 Q73812 Q73910 Q73985
1	71	Flavia Julia Constantia	Q62680	Mariana Minor	Q62255	Aurelia Pompeiana	73	1	Q141756 Q144099 Q144173 Q148138 Q151387 Q151389 Q151401 Q151532 Q151640 Q62680 Q63124 Q63157 Q63684 Q63717 Q64355 Q64388 Q64421 Q64450 Q65192 Q65225 Q65324 Q65357 Q65390 Q66425 Q66455 Q66554 Q67863 Q67897 Q67929 Q67995 Q69518 Q69547 Q69580 Q69613 Q70355 Q70358 Q70361 Q70364 Q71137 Q71146 Q72290 Q72293 Q72490 Q72493 Q72496 Q72678 Q72681 Q72684 Q72852 Q72855 Q72999 Q73002 Q73005 Q73161 Q73164 Q73326 Q73473 Q73593 Q73596 Q73701 Q73704 Q73707 Q73806 Q73809 Q73904 Q73907 Q73982 Q77899 Q77902 Q78063 Q78066 Q78069 Q78225
1	71	Flavia Julia Constantia	Q64355	Gaius Ummidius Quadratus Annianus Verus  Fulvius	Q63684	Ummidia Commificia Antonia	60	1	Q141756 Q144099 Q144173 Q148138 Q151387 Q151389 Q151401 Q151532 Q151640 Q64355 Q65192 Q65225 Q66425 Q66455 Q67863 Q67897 Q67929 Q69518 Q69547 Q69580 Q69613 Q70355 Q70358 Q70361 Q70364 Q71137 Q71146 Q72290 Q72293 Q72490 Q72493 Q72496 Q72678 Q72681 Q72684 Q72852 Q72855 Q72999 Q73002 Q73005 Q73161 Q73164 Q73326 Q73473 Q73593 Q73596 Q73701 Q73704 Q73707 Q73806 Q73809 Q73904 Q73907 Q73982 Q77899 Q77902 Q78063 Q78066 Q78069 Q78225
1	71	Flavia Julia Constantia	Q65192	Gaius Annianus Verus	Q64355	Gaius Ummidius Quadratus Annianus Verus  Fulvius	58	0	Q141756 Q144099 Q144173 Q148138 Q151387 Q151389 Q151401 Q151532 Q151640 Q65192 Q66425 Q66455 Q67863 Q67897 Q67929 Q69518 Q69547 Q69580 Q69613 Q70355 Q70358 Q70361 Q70364 Q71137 Q71146 Q72290 Q72293 Q72490 Q72493 Q72496 Q72678 Q72681 Q72684 Q72852 Q72855 Q72999 Q73002 Q73005 Q73161 Q73164 Q73326 Q73473 Q73593 Q73596 Q73701 Q73704 Q73707 Q73806 Q73809 Q73904 Q73907 Q73982 Q77899 Q77902 Q78063 Q78066 Q78069 Q78225
1	71	Flavia Julia Constantia	Q69296	Marcus Licinius Crassus Frugi	Q67573	Marcus Licinius Crassus Frugi	38	0	Q141610 Q144275 Q148208 Q69296 Q70343 Q70346 Q71026 Q71053 Q71083 Q71098 Q72278 Q72281 Q72463 Q72466 Q72469 Q72475 Q72478 Q72654 Q72660 Q72663 Q72666 Q72669 Q72825 Q72828 Q72840 Q72843 Q72978 Q72987 Q72990 Q73143 Q73149 Q73152 Q73314 Q73317 Q73461 Q73464 Q73584 Q73587
1	71	Flavia Julia Constantia	Q70346	Fausta  Cornelia	Q69296	Marcus Licinius Crassus Frugi	22	1	Q70346 Q71083 Q71098 Q72281 Q72475 Q72478 Q72660 Q72663 Q72666 Q72669 Q72840 Q72843 Q72987 Q72990 Q73149 Q73152 Q73314 Q73317 Q73461 Q73464 Q73584 Q73587
1	71	Flavia Julia Constantia	Q70343	Marcus Licinius Crassus Dives	Q69296	Marcus Licinius Crassus Frugi	15	1	Q141610 Q144275 Q148208 Q70343 Q71026 Q71053 Q72278 Q72463 Q72466 Q72469 Q72654 Q72825 Q72828 Q72978 Q73143
1	71	Flavia Julia Constantia	Q69263	Scribonia Magna	Q67573	Marcus Licinius Crassus Frugi	12	0	Q138489 Q139712 Q139746 Q69263 Q70337 Q70340 Q70967 Q70988 Q71002 Q72260 Q72445 Q72630
1	71	Flavia Julia Constantia	Q70718	Gaius Rubellius Blandus	Q70152	Rubellia Bassa	8	1	Q138467 Q139688 Q141584 Q70718 Q71628 Q71655 Q72338 Q72341
1	71	Flavia Julia Constantia	Q73083	Publius Licinius Crassus Dives (consul 97 BC)	Q72933	Marcus Licinius Crassus	7	1	Q73083 Q73260 Q73263 Q73407 Q73410 Q73545 Q73548
1	71	Flavia Julia Constantia	Q70340	Lucius Scribonius Libo	Q69263	Scribonia Magna	6	1	Q138489 Q139712 Q139746 Q70340 Q70988 Q71002
1	71	Flavia Julia Constantia	Q72807	Publius Mucius Scaevola	Q72633	Publius Mucius Scaevola	5	0	Q72807 Q72963 Q72966 Q73137 Q73305
1	71	Flavia Julia Constantia	Q70337	Cornelia Pompeia Magna	Q69263	Scribonia Magna	2	1	Q70337 Q70967
1	71	Flavia Julia Constantia	Q63780	Marcus Aurelius	Q63192	Lucilla	1	0	Q63780
1	71	Flavia Julia Constantia	Q64388	Annia Cornificia Faustina	Q63684	Ummidia Commificia Antonia	1	1	Q64388
1	71	Flavia Julia Constantia	Q64483	Faustina the Elder	Q63747	Faustina the Younger	1	0	Q64483
1	71	Flavia Julia Constantia	Q65225	Annia Cornificia Faustina	Q64355	Gaius Ummidius Quadratus Annianus Verus  Fulvius	1	0	Q65225
1	71	Flavia Julia Constantia	Q72810	Licinia	Q72633	Publius Mucius Scaevola	1	0	Q72810
1	71	Flavia Julia Constantia	Q77386	Julia Livia	Q70152	Rubellia Bassa	1	1	Q77386
1	71	Flavia Julia Constantia	Q99408	Publius Licinius Varus Licinius Crassus  Crassus	Q72972	Publius Licinius Crassus Dives	1	1	Q99408
1	71	Flavia Julia Constantia	Q64549	Marcus Annius Verus	Q63780	Marcus Aurelius	0	0	
1	71	Flavia Julia Constantia	Q64549	Marcus Annius Verus	Q65225	Annia Cornificia Faustina	0	0	
1	71	Flavia Julia Constantia	Q64582	Domitia Lucilla Minor	Q63780	Marcus Aurelius	0	0	
1	71	Flavia Julia Constantia	Q64582	Domitia Lucilla Minor	Q65225	Annia Cornificia Faustina	0	0	
1	71	Flavia Julia Constantia	Q72657	Publius Licinius Crassus Dives	Q72933	Marcus Licinius Crassus	0	0	
1	71	Flavia Julia Constantia	Q72972	Publius Licinius Crassus Dives	Q73260	Marcus Licinius Crassus Agelastus	0	0	
1	71	Flavia Julia Constantia	Q72981	Publius Licinius Crassus	Q73260	Marcus Licinius Crassus Agelastus	0	0	
1	71	Flavia Julia Constantia	Q73665	Publius Licinius  Crassus	Q72972	Publius Licinius Crassus Dives	0	0	
2	18	Petronia	Q75603	Demetrias	Q75558	Clodia Celsina	2729	0	(2729 records, not listed)
2	18	Petronia	Q75603	Demetrias	Q75576	Clodius Celsinus Adelphius	2729	0	(2729 records, not listed)
2	18	Petronia	Q75721	Rufia Procula	Q75781	Caeionius  Proculus	988	0	(988 records, not listed)
2	18	Petronia	Q75576	Clodius Celsinus Adelphius	Q75540	Quintus Clodius Hermogenianus Olybrius	713	0	(713 records, not listed)
2	18	Petronia	Q75558	Clodia Celsina	Q65002	Sextus Claudius Petronius Probus	709	1	(709 records, not listed)
2	18	Petronia	Q75522	Anicia Faltonia Proba	Q75516	Anicius Hermogenianus Olybrius	675	0	(675 records, not listed)
2	18	Petronia	Q75543	Tyrrania Anicia Juliana	Q75522	Anicia Faltonia Proba	671	0	(671 records, not listed)
2	18	Petronia	Q75634	Caeionia Auchenia Bassa	Q75573	Anicius Auchenius Bassus	394	1	Q113011 Q123588 Q139842 Q139843 Q139844 Q141768 Q141784 Q141785 Q141789 Q141790 Q141791 Q141792 Q144370 Q144418 Q144419 Q148098 Q148196 Q148342 Q151380 Q151522 Q151632 Q153733 Q153734 Q153735 Q153736 Q153737 Q61792 Q62156 Q62515 Q62570 Q62926 Q62959 Q63484 Q63517 Q63972 Q64104 Q64137 Q64169 Q64780 Q64813 Q64837 Q64870 Q64936 Q64969 Q65002 Q65846 Q65879 Q65912 Q65945 Q65975 Q66002 Q66035 Q66068 Q66098 Q66131 Q66164 Q67316 Q67349 Q67382 Q67415 Q67441 Q67507 Q67540 Q67636 Q67669 Q67699 Q67732 Q69004 Q69038 Q69071 Q69101 Q69134 Q69164 Q69197 Q69230 Q69359 Q69392 Q69422 Q70307 Q70310 Q70313 Q70316 Q70319 Q70322 Q70328 Q70352 Q70919 Q70922 Q70925 Q70928 Q70931 Q70934 Q70937 Q70940 Q70946 Q72074 Q72107 Q72140 Q72173 Q72206 Q72221 Q72224 Q72227 Q72230 Q72233 Q72245 Q72389 Q72392 Q72395 Q72398 Q72407 Q72410 Q72416 Q72428 Q72431 Q72564 Q72576 Q72579 Q72582 Q72588 Q72606 Q72609 Q72612 Q72741 Q72753 Q72756 Q72759 Q72777 Q72780 Q72783 Q72906 Q72921 Q72936 Q72939 Q73101 Q73104 Q73107 Q73272 Q73416 Q73554 Q75516 Q75522 Q75540 Q75543 Q75558 Q75570 Q75573 Q75576 Q75579 Q75603 Q75606 Q75610 Q75613 Q75628 Q75631 Q75634 Q75661 Q75664 Q75667 Q75670 Q75673 Q75688 Q75691 Q75694 Q75721 Q75742 Q75745 Q75748 Q75751 Q75754 Q75757 Q75772 Q75775 Q75778 Q75781 Q75817 Q75820 Q75841 Q75844 Q75847 Q75850 Q75853 Q75856 Q75859 Q75862 Q75877 Q75880 Q75937 Q75943 Q75946 Q75979 Q75982 Q75985 Q75988 Q75991 Q75994 Q75997 Q76000 Q76003 Q76006 Q76009 Q76030 Q76033 Q76117 Q76120 Q76123 Q76165 Q76168 Q76171 Q76174 Q76177 Q76180 Q76183 Q76186 Q76189 Q76192 Q76195 Q76198 Q76201 Q76204 Q76216 Q76328 Q76331 Q76388 Q76391 Q76394 Q76397 Q76400 Q76403 Q76406 Q76409 Q76412 Q76415 Q76418 Q76421 Q76424 Q76427 Q76430 Q76433 Q76436 Q76439 Q76457 Q76460 Q76577 Q76580 Q76605 Q76608 Q76622 Q76625 Q76631 Q76634 Q76637 Q76640 Q76643 Q76646 Q76649 Q76654 Q76657 Q76660 Q76666 Q76669 Q76672 Q76675 Q76786 Q76789 Q76816 Q76843 Q76846 Q76849 Q76855 Q76858 Q76864 Q76867 Q76870 Q76873 Q76876 Q76879 Q76882 Q76885 Q76888 Q76891 Q76900 Q76903 Q76906 Q76996 Q76999 Q77053 Q77071 Q77074 Q77077 Q77080 Q77083 Q77086 Q77089 Q77092 Q77095 Q77098 Q77101 Q77104 Q77113 Q77116 Q77119 Q77122 Q77218 Q77221 Q77233 Q77236 Q77281 Q77293 Q77296 Q77299 Q77302 Q77305 Q77308 Q77311 Q77314 Q77317 Q77320 Q77323 Q77326 Q77329 Q77332 Q77341 Q77344 Q77347 Q77350 Q77356 Q77458 Q77461 Q77464 Q77503 Q77515 Q77518 Q77521 Q77524 Q77530 Q77533 Q77536 Q77539 Q77542 Q77545 Q77548 Q77551 Q77554 Q77557 Q77575 Q77578 Q77701 Q77704 Q77707 Q77710 Q77734 Q77746 Q77749 Q77755 Q77758 Q77761 Q77764 Q77767 Q77770 Q77773 Q77776 Q77905 Q77908 Q77911 Q77931 Q77940 Q77943 Q77946 Q77949 Q77952 Q78072 Q78075 Q78081 Q78084 Q78096 Q78099 Q78102 Q78228 Q78231 Q78240 Q78258 Q78261 Q78390 Q78405 Q78408 Q78537 Q78540 Q78642 Q78645 Q78648 Q78651 Q78731 Q99665
2	18	Petronia	Q75540	Quintus Clodius Hermogenianus Olybrius	Q75522	Anicia Faltonia Proba	3	0	Q75540 Q75576 Q75579
2	18	Petronia	Q65002	Sextus Claudius Petronius Probus	Q75516	Anicius Hermogenianus Olybrius	0	0	
3	15	Marcus Aemilius Lepidus	Q72786	Marcus Aemilius Lepidus	Q72615	Quintus Aemilius Lepidus	80	1	Q151743 Q151792 Q151822 Q151844 Q151874 Q72434 Q72517 Q72615 Q72618 Q72696 Q72699 Q72786 Q72801 Q72957 Q73011 Q73017 Q73110 Q73113 Q73128 Q73131 Q73173 Q73266 Q73269 Q73293 Q73296 Q73299 Q73335 Q73413 Q73428 Q73443 Q73446 Q73449 Q73482 Q73551 Q73563 Q73566 Q73569 Q73572 Q73575 Q73578 Q73602 Q73668 Q73677 Q73680 Q73683 Q73686 Q73689 Q73692 Q73713 Q73773 Q73782 Q73785 Q73788 Q73791 Q73794 Q73815 Q73878 Q73887 Q73890 Q73893 Q73913 Q73961 Q73970 Q73988 Q74025 Q74049 Q74082 Q74091 Q74108 Q74150 Q74159 Q74162 Q74213 Q78752 Q78812 Q99342 Q99350 Q99378 Q99384 Q99402
3	15	Marcus Aemilius Lepidus	Q72801	Cornelia	Q72786	Marcus Aemilius Lepidus	67	0	Q151743 Q151792 Q151822 Q151844 Q151874 Q72434 Q72517 Q72615 Q72618 Q72696 Q72699 Q72786 Q72801 Q72957 Q73017 Q73128 Q73131 Q73266 Q73269 Q73293 Q73296 Q73299 Q73413 Q73428 Q73443 Q73446 Q73449 Q73551 Q73563 Q73566 Q73569 Q73572 Q73575 Q73578 Q73668 Q73677 Q73680 Q73683 Q73686 Q73689 Q73692 Q73773 Q73782 Q73785 Q73788 Q73791 Q73794 Q73878 Q73887 Q73890 Q73893 Q73961 Q73970 Q74025 Q74082 Q74091 Q74150 Q74159 Q74162 Q74213 Q78752 Q78812 Q99342 Q99350 Q99378 Q99384 Q99402
3	15	Marcus Aemilius Lepidus	Q73131	Cornelia Africana Major	Q72957	Consul (138 BC) - Publius Cornelius Scipio Nasica Serapio	19	0	Q73131 Q73266 Q73269 Q73296 Q73299 Q73413 Q73446 Q73449 Q73551 Q73575 Q73578 Q73668 Q73773 Q73878 Q73961 Q74025 Q74082 Q74150 Q99378
3	15	Marcus Aemilius Lepidus	Q73128	Publius Cornelius Scipio Nasica Corculum	Q72957	Consul (138 BC) - Publius Cornelius Scipio Nasica Serapio	5	0	Q73128 Q73293 Q73443 Q99384 Q99402
4	14	Godo  Arnaldes de Baiao	Q79618	Tereza  Eriz de Lugo	Q99939	Ufa  Ufes	355	0	Q100009 Q100140 Q100142 Q100152 Q100154 Q100186 Q100212 Q100282 Q100286 Q100505 Q100517 Q100519 Q100665 Q100667 Q100673 Q100675 Q101095 Q101097 Q101103 Q101113 Q101231 Q101233 Q101235 Q101381 Q101387 Q101505 Q102231 Q102235 Q103930 Q103934 Q103936 Q104258 Q104260 Q105311 Q106521 Q106994 Q110842 Q111909 Q112999 Q113001 Q113583 Q113585 Q113591 Q113625 Q113897 Q114154 Q114244 Q114969 Q118177 Q118179 Q118456 Q118649 Q118651 Q118769 Q151576 Q75441 Q75444 Q75447 Q75450 Q75453 Q75456 Q75459 Q75462 Q75465 Q75489 Q75492 Q75495 Q75498 Q75501 Q75510 Q75528 Q75552 Q75555 Q75591 Q75594 Q75597 Q75600 Q75646 Q75649 Q75652 Q75655 Q75658 Q75715 Q75718 Q75727 Q75730 Q75733 Q75736 Q75739 Q75808 Q75811 Q75814 Q75829 Q75832 Q75835 Q75838 Q75922 Q75925 Q75928 Q75931 Q75934 Q75958 Q75961 Q75964 Q75967 Q75970 Q75973 Q75976 Q76087 Q76090 Q76093 Q76096 Q76099 Q76102 Q76108 Q76138 Q76141 Q76144 Q76147 Q76150 Q76153 Q76156 Q76159 Q76162 Q76295 Q76298 Q76301 Q76304 Q76307 Q76310 Q76319 Q76352 Q76355 Q76358 Q76361 Q76364 Q76367 Q76370 Q76373 Q76376 Q76378 Q76385 Q76526 Q76529 Q76532 Q76535 Q76538 Q76541 Q76571 Q76574 Q76583 Q76586 Q76589 Q76592 Q76595 Q76598 Q76599 Q76602 Q76611 Q76614 Q76619 Q76762 Q76765 Q76768 Q76771 Q76774 Q76810 Q76813 Q76819 Q76822 Q76825 Q76828 Q76831 Q76834 Q76837 Q76840 Q76852 Q77008 Q77011 Q77014 Q77050 Q77056 Q77059 Q77062 Q77065 Q77068 Q77284 Q77287 Q77290 Q77506 Q77509 Q77512 Q77737 Q77740 Q77743 Q77937 Q79060 Q79063 Q79066 Q79069 Q79072 Q79078 Q79084 Q79087 Q79093 Q79099 Q79102 Q79108 Q79111 Q79114 Q79117 Q79126 Q79132 Q79135 Q79138 Q79144 Q79147 Q79153 Q79162 Q79168 Q79174 Q79186 Q79192 Q79195 Q79205 Q79208 Q79220 Q79223 Q79229 Q79235 Q79241 Q79244 Q79250 Q79253 Q79262 Q79277 Q79280 Q79283 Q79286 Q79295 Q79298 Q79313 Q79328 Q79331 Q79334 Q79349 Q79358 Q79361 Q79364 Q79367 Q79370 Q79388 Q79391 Q79397 Q79400 Q79406 Q79415 Q79421 Q79424 Q79435 Q79438 Q79450 Q79480 Q79537 Q79618 Q82122 Q89860 Q99498 Q99500 Q99502 Q99504 Q99506 Q99508 Q99510 Q99512 Q99514 Q99516 Q99518 Q99520 Q99522 Q99524 Q99526 Q99528 Q99530 Q99532 Q99534 Q99536 Q99538 Q99540 Q99542 Q99544 Q99546 Q99548 Q99550 Q99552 Q99554 Q99556 Q99558 Q99561 Q99563 Q99565 Q99567 Q99569 Q99571 Q99573 Q99575 Q99577 Q99579 Q99581 Q99583 Q99585 Q99587 Q99589 Q99591 Q99593 Q99595 Q99597 Q99599 Q99601 Q99603 Q99605 Q99607 Q99609 Q99611 Q99613 Q99615 Q99617 Q99619 Q99621 Q99623 Q99625 Q99629 Q99631 Q99633 Q99677 Q99767 Q99785 Q99787 Q99795 Q99797 Q99815 Q99817 Q99825 Q99849 Q99879 Q99883 Q99887 Q99931 Q99933 Q99939 Q99973 Q99975 Q99985 Q99987 Q99995
4	14	Godo  Arnaldes de Baiao	Q99939	Ufa  Ufes	Q100154	Godo  Arnaldes de Baiao	319	0	Q100009 Q100154 Q100282 Q100286 Q100517 Q100519 Q100665 Q100667 Q100673 Q100675 Q101095 Q101097 Q101103 Q101113 Q101381 Q101387 Q104258 Q104260 Q105311 Q106994 Q111909 Q112999 Q113001 Q113583 Q113585 Q113591 Q113625 Q114154 Q114244 Q114969 Q118456 Q118651 Q118769 Q151576 Q75489 Q75492 Q75495 Q75498 Q75501 Q75510 Q75528 Q75552 Q75555 Q75591 Q75594 Q75597 Q75600 Q75646 Q75649 Q75652 Q75655 Q75658 Q75715 Q75718 Q75727 Q75730 Q75733 Q75736 Q75739 Q75808 Q75811 Q75814 Q75829 Q75832 Q75835 Q75838 Q75922 Q75925 Q75928 Q75931 Q75934 Q75958 Q75961 Q75964 Q75967 Q75970 Q75973 Q75976 Q76087 Q76090 Q76093 Q76096 Q76099 Q76102 Q76108 Q76138 Q76141 Q76144 Q76147 Q76150 Q76153 Q76156 Q76159 Q76162 Q76295 Q76298 Q76301 Q76304 Q76307 Q76310 Q76319 Q76352 Q76355 Q76358 Q76361 Q76364 Q76367 Q76370 Q76373 Q76376 Q76378 Q76385 Q76526 Q76529 Q76532 Q76535 Q76538 Q76541 Q76571 Q76574 Q76583 Q76586 Q76589 Q76592 Q76595 Q76598 Q76599 Q76602 Q76611 Q76614 Q76619 Q76762 Q76765 Q76768 Q76771 Q76774 Q76810 Q76813 Q76819 Q76822 Q76825 Q76828 Q76831 Q76834 Q76837 Q76840 Q76852 Q77008 Q77011 Q77014 Q77050 Q77056 Q77059 Q77062 Q77065 Q77068 Q77284 Q77287 Q77290 Q77506 Q77509 Q77512 Q77737 Q77740 Q77743 Q77937 Q79060 Q79063 Q79066 Q79069 Q79072 Q79078 Q79084 Q79087 Q79093 Q79099 Q79102 Q79108 Q79111 Q79114 Q79117 Q79126 Q79132 Q79135 Q79138 Q79144 Q79147 Q79153 Q79162 Q79168 Q79174 Q79186 Q79192 Q79195 Q79205 Q79208 Q79220 Q79223 Q79229 Q79235 Q79241 Q79244 Q79250 Q79253 Q79262 Q79277 Q79280 Q79283 Q79286 Q79295 Q79298 Q79313 Q79328 Q79331 Q79334 Q79349 Q79358 Q79361 Q79364 Q79367 Q79370 Q79388 Q79391 Q79397 Q79400 Q79406 Q79415 Q79421 Q79424 Q79435 Q79438 Q79450 Q79480 Q79537 Q79618 Q82122 Q89860 Q99498 Q99500 Q99502 Q99504 Q99506 Q99508 Q99510 Q99512 Q99514 Q99516 Q99518 Q99520 Q99522 Q99524 Q99526 Q99528 Q99530 Q99532 Q99534 Q99536 Q99538 Q99540 Q99542 Q99544 Q99546 Q99548 Q99550 Q99552 Q99554 Q99556 Q99558 Q99561 Q99563 Q99565 Q99567 Q99569 Q99571 Q99573 Q99575 Q99577 Q99579 Q99581 Q99583 Q99585 Q99587 Q99589 Q99591 Q99593 Q99595 Q99597 Q99599 Q99601 Q99603 Q99605 Q99607 Q99609 Q99611 Q99613 Q99615 Q99617 Q99619 Q99621 Q99623 Q99625 Q99629 Q99631 Q99633 Q99677 Q99753 Q99759 Q99765 Q99777 Q99779 Q99803 Q99805 Q99807 Q99809 Q99851 Q99853 Q99887 Q99939 Q99995
4	14	Godo  Arnaldes de Baiao	Q101113	D. Ausindo Soares	Q113625	D.Teodoredo Ausendes Soares	309	0	Q100142 Q100152 Q100154 Q100212 Q100505 Q100517 Q100519 Q101095 Q101097 Q101103 Q101113 Q105311 Q111909 Q112999 Q113001 Q113583 Q113585 Q113591 Q113625 Q114244 Q114969 Q118456 Q151576 Q75489 Q75492 Q75495 Q75498 Q75501 Q75510 Q75528 Q75552 Q75555 Q75591 Q75594 Q75597 Q75600 Q75646 Q75649 Q75652 Q75655 Q75658 Q75715 Q75718 Q75727 Q75730 Q75733 Q75736 Q75739 Q75808 Q75811 Q75814 Q75829 Q75832 Q75835 Q75838 Q75922 Q75925 Q75928 Q75931 Q75934 Q75958 Q75961 Q75964 Q75967 Q75970 Q75973 Q75976 Q76087 Q76090 Q76093 Q76096 Q76099 Q76102 Q76108 Q76138 Q76141 Q76144 Q76147 Q76150 Q76153 Q76156 Q76159 Q76162 Q76295 Q76298 Q76301 Q76304 Q76307 Q76310 Q76319 Q76352 Q76355 Q76358 Q76361 Q76364 Q76367 Q76370 Q76373 Q76376 Q76378 Q76385 Q76526 Q76529 Q76532 Q76535 Q76538 Q76541 Q76571 Q76574 Q76583 Q76586 Q76589 Q76592 Q76595 Q76598 Q76599 Q76602 Q76611 Q76614 Q76619 Q76762 Q76765 Q76768 Q76771 Q76774 Q76810 Q76813 Q76819 Q76822 Q76825 Q76828 Q76831 Q76834 Q76837 Q76840 Q76852 Q77008 Q77011 Q77014 Q77050 Q77056 Q77059 Q77062 Q77065 Q77068 Q77284 Q77287 Q77290 Q77506 Q77509 Q77512 Q77737 Q77740 Q77743 Q77937 Q79060 Q79063 Q79066 Q79069 Q79072 Q79078 Q79084 Q79087 Q79093 Q79099 Q79102 Q79108 Q79111 Q79114 Q79117 Q79126 Q79132 Q79135 Q79138 Q79144 Q79147 Q79153 Q79162 Q79168 Q79174 Q79186 Q79192 Q79195 Q79205 Q79208 Q79220 Q79223 Q79229 Q79235 Q79241 Q79244 Q79250 Q79253 Q79262 Q79277 Q79280 Q79283 Q79286 Q79295 Q79298 Q79313 Q79328 Q79331 Q79334 Q79349 Q79358 Q79361 Q79364 Q79367 Q79370 Q79388 Q79391 Q79397 Q79400 Q79406 Q79415 Q79421 Q79424 Q79435 Q79438 Q79450 Q79480 Q79537 Q79618 Q82122 Q89860 Q99498 Q99500 Q99502 Q99504 Q99506 Q99508 Q99510 Q99512 Q99514 Q99516 Q99518 Q99520 Q99522 Q99524 Q99526 Q99528 Q99530 Q99532 Q99534 Q99536 Q99538 Q99540 Q99542 Q99544 Q99546 Q99548 Q99550 Q99552 Q99554 Q99556 Q99558 Q99561 Q99563 Q99565 Q99567 Q99569 Q99571 Q99573 Q99575 Q99577 Q99579 Q99581 Q99583 Q99585 Q99587 Q99589 Q99591 Q99593 Q99595 Q99597 Q99599 Q99601 Q99603 Q99605 Q99607 Q99609 Q99611 Q99613 Q99615 Q99617 Q99619 Q99621 Q99623 Q99625 Q99629 Q99631 Q99633 Q99677 Q99753 Q99759 Q99765 Q99777 Q99779 Q99803 Q99805 Q99807 Q99809 Q99851 Q99853 Q99883 Q99939 Q99985 Q99987
4	14	Godo  Arnaldes de Baiao	Q113625	D.Teodoredo Ausendes Soares	Q79388	D. Ausindo Ximeno	306	0	Q100009 Q100140 Q100142 Q100152 Q100154 Q100186 Q100212 Q100282 Q100286 Q100505 Q100517 Q100519 Q100665 Q100667 Q100673 Q100675 Q101095 Q101097 Q101103 Q101113 Q101231 Q101233 Q101235 Q101381 Q101387 Q101505 Q102231 Q102235 Q103930 Q103934 Q103936 Q104258 Q104260 Q106521 Q106994 Q109481 Q109489 Q109601 Q109650 Q109832 Q110842 Q111143 Q111255 Q111901 Q112999 Q113001 Q113583 Q113585 Q113591 Q113625 Q113897 Q114154 Q114244 Q114969 Q118177 Q118179 Q118456 Q118649 Q118651 Q118769 Q118870 Q118872 Q123620 Q123976 Q136016 Q137789 Q166971 Q59483 Q59513 Q59645 Q59678 Q59707 Q59740 Q59773 Q59806 Q59836 Q59869 Q59935 Q59968 Q59997 Q60030 Q60063 Q60096 Q60129 Q60161 Q60194 Q60227 Q60261 Q60293 Q60326 Q60356 Q60386 Q60419 Q60452 Q60485 Q60518 Q60548 Q60581 Q60614 Q60647 Q60680 Q60713 Q60746 Q60779 Q60845 Q60878 Q60911 Q60944 Q60974 Q61008 Q61041 Q61074 Q61107 Q61140 Q61173 Q61202 Q61235 Q61268 Q61301 Q61334 Q61367 Q61400 Q61433 Q61466 Q61499 Q61664 Q61694 Q61727 Q61759 Q61825 Q61858 Q61990 Q62023 Q62056 Q62089 Q62123 Q62189 Q62222 Q62321 Q62351 Q62384 Q62418 Q62451 Q62484 Q62561 Q62603 Q62635 Q62668 Q62800 Q62833 Q62863 Q62896 Q63058 Q63091 Q63323 Q63356 Q63388 Q63421 Q63451 Q63550 Q63583 Q63616 Q63649 Q63912 Q63939 Q64038 Q64071 Q64202 Q64235 Q64714 Q64747 Q65034 Q65067 Q65714 Q65747 Q65781 Q65814 Q66197 Q66227 Q67184 Q67217 Q67250 Q67283 Q67474 Q68845 Q68878 Q68911 Q68941 Q68974 Q69739 Q70038 Q70242 Q70292 Q70295 Q70298 Q70301 Q70304 Q70325 Q70883 Q70916 Q71840 Q71852 Q72365 Q72368 Q72552 Q73086 Q73089 Q73092 Q73095 Q75420 Q75423 Q75426 Q75429 Q75432 Q75435 Q75441 Q75444 Q75447 Q75450 Q75453 Q75456 Q75459 Q75462 Q75465 Q75468 Q75471 Q75474 Q75477 Q75480 Q75483 Q75486 Q79114 Q79132 Q79144 Q79162 Q79186 Q79205 Q79208 Q79229 Q79235 Q79244 Q79250 Q79253 Q79277 Q79280 Q79283 Q79295 Q79298 Q79313 Q79328 Q79334 Q79349 Q79358 Q79364 Q79367 Q79370 Q79388 Q79391 Q79397 Q79400 Q79406 Q79415 Q79421 Q79424 Q79435 Q79438 Q79450 Q79480 Q79537 Q79618 Q99314 Q99747 Q99749 Q99751 Q99753 Q99757 Q99759 Q99765 Q99767 Q99777 Q99779 Q99785 Q99787 Q99795 Q99797 Q99803 Q99805 Q99807 Q99809 Q99815 Q99817 Q99825 Q99849 Q99851 Q99853 Q99879 Q99883 Q99887 Q99931 Q99933 Q99939 Q99973 Q99975 Q99985 Q99987 Q99995
4	14	Godo  Arnaldes de Baiao	Q79388	D. Ausindo Ximeno	Q79415	D.Soeiro Ausendes	306	0	Q100009 Q100140 Q100142 Q100152 Q100154 Q100186 Q100212 Q100282 Q100286 Q100505 Q100517 Q100519 Q100665 Q100667 Q100673 Q100675 Q101095 Q101097 Q101103 Q101113 Q101231 Q101233 Q101235 Q101381 Q101387 Q101505 Q102231 Q102235 Q103930 Q103934 Q103936 Q104258 Q104260 Q105311 Q106521 Q106994 Q109481 Q109489 Q109601 Q109650 Q109832 Q110842 Q111143 Q111255 Q111901 Q112999 Q113001 Q113583 Q113585 Q113591 Q113625 Q113897 Q114154 Q114244 Q114969 Q118177 Q118179 Q118456 Q118649 Q118651 Q118769 Q118870 Q118872 Q123620 Q123976 Q136016 Q137789 Q166971 Q59483 Q59513 Q59645 Q59678 Q59707 Q59740 Q59773 Q59806 Q59836 Q59869 Q59935 Q59968 Q59997 Q60030 Q60063 Q60096 Q60129 Q60161 Q60194 Q60227 Q60261 Q60293 Q60326 Q60356 Q60386 Q60419 Q60452 Q60485 Q60518 Q60548 Q60581 Q60614 Q60647 Q60680 Q60713 Q60746 Q60779 Q60845 Q60878 Q60911 Q60944 Q60974 Q61008 Q61041 Q61074 Q61107 Q61140 Q61173 Q61202 Q61235 Q61268 Q61301 Q61334 Q61367 Q61400 Q61433 Q61466 Q61499 Q61664 Q61694 Q61727 Q61759 Q61825 Q61858 Q61990 Q62023 Q62056 Q62089 Q62123 Q62189 Q62222 Q62321 Q62351 Q62384 Q62418 Q62451 Q62484 Q62561 Q62603 Q62635 Q62668 Q62800 Q62833 Q62863 Q62896 Q63058 Q63091 Q63323 Q63356 Q63388 Q63421 Q63451 Q63550 Q63583 Q63616 Q63649 Q63912 Q63939 Q64038 Q64071 Q64202 Q64235 Q64714 Q64747 Q65034 Q65067 Q65714 Q65747 Q65781 Q65814 Q66197 Q66227 Q67184 Q67217 Q67250 Q67283 Q67474 Q68845 Q68878 Q68911 Q68941 Q68974 Q69739 Q70038 Q70242 Q70292 Q70295 Q70298 Q70301 Q70304 Q70325 Q70883 Q70916 Q71840 Q71852 Q72365 Q72368 Q72552 Q73086 Q73089 Q73092 Q73095 Q75420 Q75423 Q75426 Q75429 Q75432 Q75435 Q75441 Q75444 Q75447 Q75450 Q75453 Q75456 Q75459 Q75462 Q75465 Q75468 Q75471 Q75474 Q75477 Q75480 Q75483 Q75486 Q79114 Q79132 Q79144 Q79162 Q79186 Q79205 Q79208 Q79229 Q79235 Q79244 Q79250 Q79253 Q79277 Q79280 Q79283 Q79295 Q79298 Q79313 Q79328 Q79331 Q79349 Q79358 Q79361 Q79367 Q79370 Q79388 Q79397 Q79400 Q79406 Q79415 Q79421 Q79424 Q79435 Q79438 Q79450 Q79480 Q79537 Q79618 Q99314 Q99747 Q99749 Q99751 Q99753 Q99757 Q99759 Q99765 Q99767 Q99777 Q99779 Q99785 Q99787 Q99795 Q99797 Q99803 Q99805 Q99807 Q99809 Q99815 Q99817 Q99825 Q99849 Q99851 Q99853 Q99879 Q99883 Q99887 Q99931 Q99933 Q99939 Q99973 Q99975 Q99985 Q99987 Q99995
4	14	Godo  Arnaldes de Baiao	Q79435	D.Arnaldo  Ximenes	Q79438	Sancho  ou Sancho Arnolfo Ximenes	305	0	Q100009 Q100140 Q100142 Q100152 Q100154 Q100186 Q100212 Q100282 Q100286 Q100505 Q100517 Q100519 Q100665 Q100667 Q100673 Q100675 Q101095 Q101097 Q101103 Q101113 Q101231 Q101233 Q101235 Q101381 Q101387 Q101505 Q102231 Q102235 Q103930 Q103934 Q103936 Q104258 Q104260 Q105311 Q106521 Q106994 Q109481 Q109489 Q109601 Q109650 Q109832 Q110842 Q111143 Q111255 Q111901 Q112999 Q113001 Q113583 Q113585 Q113591 Q113625 Q113897 Q114154 Q114244 Q114969 Q118177 Q118179 Q118456 Q118649 Q118651 Q118769 Q118870 Q118872 Q123620 Q123976 Q136016 Q137789 Q166971 Q59483 Q59513 Q59645 Q59678 Q59707 Q59740 Q59773 Q59806 Q59836 Q59869 Q59935 Q59968 Q59997 Q60030 Q60063 Q60096 Q60129 Q60161 Q60194 Q60227 Q60261 Q60293 Q60326 Q60356 Q60386 Q60419 Q60452 Q60485 Q60518 Q60548 Q60581 Q60614 Q60647 Q60680 Q60713 Q60746 Q60779 Q60845 Q60878 Q60911 Q60944 Q60974 Q61008 Q61041 Q61074 Q61107 Q61140 Q61173 Q61202 Q61235 Q61268 Q61301 Q61334 Q61367 Q61400 Q61433 Q61466 Q61499 Q61664 Q61694 Q61727 Q61759 Q61825 Q61858 Q61990 Q62023 Q62056 Q62089 Q62123 Q62189 Q62222 Q62321 Q62351 Q62384 Q62418 Q62451 Q62484 Q62561 Q62603 Q62635 Q62668 Q62800 Q62833 Q62863 Q62896 Q63058 Q63091 Q63323 Q63356 Q63388 Q63421 Q63451 Q63550 Q63583 Q63616 Q63649 Q63912 Q63939 Q64038 Q64071 Q64202 Q64235 Q64714 Q64747 Q65034 Q65067 Q65714 Q65747 Q65781 Q65814 Q66197 Q66227 Q67184 Q67217 Q67250 Q67283 Q67474 Q68845 Q68878 Q68911 Q68941 Q68974 Q69739 Q70038 Q70242 Q70292 Q70295 Q70298 Q70301 Q70304 Q70325 Q70883 Q70916 Q71840 Q71852 Q72365 Q72368 Q72552 Q73086 Q73089 Q73092 Q73095 Q75420 Q75423 Q75426 Q75429 Q75432 Q75435 Q75441 Q75444 Q75447 Q75450 Q75453 Q75456 Q75459 Q75462 Q75465 Q75468 Q75471 Q75474 Q75477 Q75480 Q75483 Q75486 Q79114 Q79132 Q79144 Q79162 Q79186 Q79205 Q79208 Q79229 Q79235 Q79244 Q79250 Q79253 Q79277 Q79280 Q79283 Q79295 Q79298 Q79313 Q79328 Q79331 Q79349 Q79358 Q79361 Q79367 Q79370 Q79388 Q79391 Q79400 Q79406 Q79415 Q79424 Q79435 Q79438 Q79450 Q79480 Q79537 Q79618 Q99314 Q99747 Q99749 Q99751 Q99753 Q99757 Q99759 Q99765 Q99767 Q99777 Q99779 Q99785 Q99787 Q99795 Q99797 Q99803 Q99805 Q99807 Q99809 Q99815 Q99817 Q99825 Q99849 Q99851 Q99853 Q99879 Q99883 Q99887 Q99931 Q99933 Q99939 Q99973 Q99975 Q99985 Q99987 Q99995
4	14	Godo  Arnaldes de Baiao	Q79438	Sancho  ou Sancho Arnolfo Ximenes	Q79424	Gil  Guille em Narbonne	280	0	Q100009 Q100140 Q100142 Q100152 Q100154 Q100186 Q100212 Q100282 Q100286 Q100505 Q100517 Q100519 Q100665 Q100667 Q100673 Q100675 Q101095 Q101097 Q101103 Q101113 Q101231 Q101233 Q101235 Q101381 Q101387 Q101505 Q102231 Q102235 Q103930 Q103934 Q103936 Q104258 Q104260 Q105311 Q106521 Q106994 Q109481 Q109489 Q109601 Q109650 Q109832 Q110842 Q111255 Q113583 Q113585 Q113591 Q113625 Q113897 Q114154 Q114244 Q118177 Q118179 Q118649 Q118651 Q118769 Q118870 Q118872 Q123620 Q123976 Q136016 Q137789 Q166971 Q59483 Q59513 Q59645 Q59678 Q59707 Q59740 Q59773 Q59806 Q59836 Q59869 Q59935 Q59968 Q59997 Q60030 Q60063 Q60096 Q60129 Q60161 Q60194 Q60227 Q60261 Q60293 Q60326 Q60386 Q60419 Q60452 Q60485 Q60518 Q60548 Q60581 Q60614 Q60647 Q60680 Q60713 Q60746 Q60779 Q60845 Q60878 Q60911 Q60944 Q60974 Q61008 Q61041 Q61074 Q61107 Q61140 Q61173 Q61202 Q61235 Q61268 Q61301 Q61334 Q61367 Q61400 Q61433 Q61466 Q61499 Q61664 Q61694 Q61727 Q61759 Q61825 Q61858 Q61990 Q62023 Q62056 Q62089 Q62123 Q62189 Q62222 Q62321 Q62351 Q62384 Q62418 Q62451 Q62484 Q62561 Q62603 Q62635 Q62668 Q62800 Q62833 Q62863 Q62896 Q63058 Q63091 Q63323 Q63356 Q63388 Q63421 Q63451 Q63550 Q63583 Q63616 Q63649 Q63912 Q63939 Q64038 Q64071 Q64202 Q64235 Q64714 Q64747 Q65034 Q65067 Q65714 Q65747 Q65781 Q65814 Q66197 Q66227 Q67184 Q67217 Q67250 Q67283 Q67474 Q68845 Q68878 Q68911 Q68941 Q68974 Q69739 Q70038 Q70242 Q70292 Q70295 Q70298 Q70301 Q70304 Q70325 Q70883 Q70916 Q71840 Q71852 Q72365 Q72368 Q72552 Q73086 Q73089 Q73092 Q73095 Q75420 Q75423 Q75426 Q75429 Q75432 Q75435 Q75441 Q75444 Q75447 Q75450 Q75453 Q75456 Q75459 Q75462 Q75465 Q75468 Q75471 Q75474 Q75477 Q75480 Q75483 Q75486 Q79241 Q79262 Q79286 Q79331 Q79334 Q79361 Q79364 Q79388 Q79391 Q79397 Q79415 Q79421 Q79424 Q79435 Q79438 Q79450 Q79480 Q79537 Q79618 Q99314 Q99747 Q99749 Q99751 Q99753 Q99757 Q99759 Q99765 Q99767 Q99777 Q99779 Q99785 Q99787 Q99795 Q99797 Q99803 Q99805 Q99807 Q99809 Q99815 Q99817 Q99825 Q99849 Q99851 Q99853 Q99879 Q99883 Q99887 Q99931 Q99933 Q99939 Q99973 Q99975 Q99985 Q99987 Q99995
5	14	Aditi Kashyapa	Q153381	Aditi Kashyapa	Q153465	TVASTAR Kashyapa	61	0	Q130322 Q153381 Q153390 Q153429 Q153438 Q153443 Q153444 Q153460 Q153465 Q153494 Q153503 Q153674 Q153692 Q153705 Q1955 Q1968 Q1978 Q1989 Q1991 Q2001 Q2034 Q2035 Q2047 Q2057 Q2066 Q2075 Q2087 Q2151 Q2152 Q49598 Q49638 Q49642 Q49703 Q49711 Q49715 Q49767 Q49803 Q49807 Q50064 Q50068 Q50072 Q50176 Q50180 Q50249 Q50253 Q50257 Q50261 Q50315 Q50319 Q50323 Q50376 Q50428 Q50480 Q50540 Q50544 Q50548 Q50552 Q50613 Q50617 Q50621 Q53559
5	14	Aditi Kashyapa	Q153381	Aditi Kashyapa	Q1991	Surya Sun God	61	0	Q130322 Q153381 Q153390 Q153429 Q153438 Q153443 Q153444 Q153460 Q153465 Q153494 Q153503 Q153674 Q153692 Q153705 Q1955 Q1968 Q1978 Q1989 Q1991 Q2001 Q2034 Q2035 Q2047 Q2057 Q2066 Q2075 Q2087 Q2151 Q2152 Q49598 Q49638 Q49642 Q49703 Q49711 Q49715 Q49767 Q49803 Q49807 Q50064 Q50068 Q50072 Q50176 Q50180 Q50249 Q50253 Q50257 Q50261 Q50315 Q50319 Q50323 Q50376 Q50428 Q50480 Q50540 Q50544 Q50548 Q50552 Q50613 Q50617 Q50621 Q53559
5	14	Aditi Kashyapa	Q153444	SUNITA Anga	Q153438	VENA Anga	30	1	Q153381 Q153389 Q153390 Q153398 Q153429 Q153438 Q153444 Q153460 Q153465 Q1924 Q1939 Q1954 Q1955 Q1968 Q1978 Q1989 Q1991 Q2001 Q2035 Q49598 Q49638 Q49642 Q49703 Q49711 Q49715 Q49767 Q49803 Q49807 Q50072 Q50261
5	14	Aditi Kashyapa	Q153460	SANJNA \ Saranyu Saranyu Saranyu/	Q2035	Yama Dharma King of Death	3	0	Q153460 Q153465 Q50261
5	14	Aditi Kashyapa	Q153429	PRITHU (Vishnu's amsam) Vena	Q1989	Vijitashva	1	1	Q153429
5	14	Aditi Kashyapa	Q1991	Surya Sun God	Q2035	Yama Dharma King of Death	1	0	Q1991
5	14	Aditi Kashyapa	Q2001	Archis(Lakshmi's amsam)	Q1989	Vijitashva	1	1	Q2001
6	14	Aditi Kashyapa	Q160615	VENA Anga	Q160596	PRITHU Vena	59	0	Q160459 Q160460 Q160487 Q160488 Q160489 Q160490 Q160507 Q160508 Q160509 Q160510 Q160511 Q160512 Q160513 Q160532 Q160533 Q160534 Q160535 Q160536 Q160537 Q160538 Q160539 Q160559 Q160560 Q160575 Q160576 Q160577 Q160580 Q160596 Q160597 Q160615 Q160639 Q160640 Q160671 Q160672 Q160673 Q160674 Q160705 Q160706 Q160707 Q160727 Q160728 Q160729 Q160730 Q160731 Q160747 Q160748 Q160749 Q160765 Q160766 Q160786 Q160787 Q160788 Q160810 Q160811 Q160836 Q160837 Q160838 Q160864 Q168885
6	14	Aditi Kashyapa	Q160615	VENA Anga	Q160597	ARCHIS	59	0	Q160459 Q160460 Q160487 Q160488 Q160489 Q160490 Q160507 Q160508 Q160509 Q160510 Q160511 Q160512 Q160513 Q160532 Q160533 Q160534 Q160535 Q160536 Q160537 Q160538 Q160539 Q160559 Q160560 Q160575 Q160576 Q160577 Q160580 Q160596 Q160597 Q160615 Q160639 Q160640 Q160671 Q160672 Q160673 Q160674 Q160705 Q160706 Q160707 Q160727 Q160728 Q160729 Q160730 Q160731 Q160747 Q160748 Q160749 Q160765 Q160766 Q160786 Q160787 Q160788 Q160810 Q160811 Q160836 Q160837 Q160838 Q160864 Q168885
6	14	Aditi Kashyapa	Q160539	PRACHINBARHI	Q160512	PRACHETAS (10 sons)	58	1	Q160459 Q160460 Q160487 Q160488 Q160489 Q160490 Q160507 Q160508 Q160509 Q160510 Q160511 Q160512 Q160513 Q160532 Q160533 Q160534 Q160535 Q160536 Q160537 Q160539 Q160559 Q160560 Q160575 Q160576 Q160577 Q160580 Q160596 Q160597 Q160615 Q160639 Q160640 Q160671 Q160672 Q160673 Q160674 Q160705 Q160706 Q160707 Q160727 Q160728 Q160729 Q160730 Q160731 Q160747 Q160748 Q160749 Q160765 Q160766 Q160786 Q160787 Q160788 Q160810 Q160811 Q160836 Q160837 Q160838 Q160864 Q168885
6	14	Aditi Kashyapa	Q160576	Vijitashva	Q160560	HAVIRDHANA	58	0	Q160459 Q160460 Q160487 Q160488 Q160489 Q160490 Q160507 Q160508 Q160509 Q160510 Q160511 Q160512 Q160513 Q160532 Q160533 Q160534 Q160535 Q160536 Q160537 Q160538 Q160539 Q160559 Q160560 Q160575 Q160576 Q160580 Q160596 Q160597 Q160615 Q160639 Q160640 Q160671 Q160672 Q160673 Q160674 Q160705 Q160706 Q160707 Q160727 Q160728 Q160729 Q160730 Q160731 Q160747 Q160748 Q160749 Q160765 Q160766 Q160786 Q160787 Q160788 Q160810 Q160811 Q160836 Q160837 Q160838 Q160864 Q168885
6	14	Aditi Kashyapa	Q160673	YAMA Dharma	Q160640	SUNITA Anga	58	0	Q160459 Q160460 Q160487 Q160488 Q160489 Q160490 Q160507 Q160508 Q160509 Q160510 Q160511 Q160512 Q160513 Q160532 Q160533 Q160534 Q160535 Q160536 Q160537 Q160538 Q160539 Q160559 Q160560 Q160575 Q160576 Q160577 Q160580 Q160596 Q160597 Q160615 Q160639 Q160640 Q160671 Q160672 Q160673 Q160705 Q160706 Q160707 Q160727 Q160728 Q160729 Q160730 Q160731 Q160747 Q160748 Q160749 Q160765 Q160766 Q160786 Q160787 Q160788 Q160810 Q160811 Q160836 Q160837 Q160838 Q160864 Q168885
6	14	Aditi Kashyapa	Q160730	TVASTAR Kashyapa	Q160707	SANJNA \ Saranyu Saranyu	58	0	Q160459 Q160460 Q160487 Q160488 Q160489 Q160490 Q160507 Q160508 Q160509 Q160510 Q160511 Q160512 Q160513 Q160532 Q160533 Q160534 Q160535 Q160536 Q160537 Q160538 Q160539 Q160559 Q160560 Q160575 Q160576 Q160577 Q160580 Q160596 Q160597 Q160615 Q160639 Q160640 Q160671 Q160672 Q160673 Q160674 Q160705 Q160706 Q160707 Q160727 Q160728 Q160729 Q160730 Q160747 Q160748 Q160749 Q160765 Q160766 Q160786 Q160787 Q160788 Q160810 Q160811 Q160836 Q160837 Q160838 Q160864 Q168885
6	14	Aditi Kashyapa	Q160489	DAKSHA Prachetas	Q160460	Aditi Kashyapa	57	0	Q160459 Q160460 Q160487 Q160488 Q160489 Q160507 Q160508 Q160509 Q160510 Q160511 Q160512 Q160532 Q160533 Q160534 Q160535 Q160536 Q160537 Q160538 Q160539 Q160559 Q160560 Q160575 Q160576 Q160577 Q160580 Q160596 Q160597 Q160615 Q160639 Q160640 Q160671 Q160672 Q160673 Q160674 Q160705 Q160706 Q160707 Q160727 Q160728 Q160729 Q160730 Q160731 Q160747 Q160748 Q160749 Q160765 Q160766 Q160786 Q160787 Q160788 Q160810 Q160811 Q160836 Q160837 Q160838 Q160864 Q168885
6	14	Aditi Kashyapa	Q160560	HAVIRDHANA	Q160539	PRACHINBARHI	57	0	Q160459 Q160460 Q160487 Q160488 Q160489 Q160490 Q160507 Q160508 Q160509 Q160510 Q160511 Q160512 Q160513 Q160532 Q160533 Q160534 Q160535 Q160536 Q160537 Q160538 Q160539 Q160560 Q160576 Q160577 Q160580 Q160596 Q160597 Q160615 Q160639 Q160640 Q160671 Q160672 Q160673 Q160674 Q160705 Q160706 Q160707 Q160727 Q160728 Q160729 Q160730 Q160731 Q160747 Q160748 Q160749 Q160765 Q160766 Q160786 Q160787 Q160788 Q160810 Q160811 Q160836 Q160837 Q160838 Q160864 Q168885
6	14	Aditi Kashyapa	Q160512	PRACHETAS (10 sons)	Q160489	DAKSHA Prachetas	56	1	Q160459 Q160460 Q160487 Q160488 Q160489 Q160490 Q160507 Q160508 Q160509 Q160510 Q160512 Q160513 Q160532 Q160533 Q160534 Q160535 Q160538 Q160539 Q160559 Q160560 Q160575 Q160576 Q160577 Q160580 Q160596 Q160597 Q160615 Q160639 Q160640 Q160671 Q160672 Q160673 Q160674 Q160705 Q160706 Q160707 Q160727 Q160728 Q160729 Q160730 Q160731 Q160747 Q160748 Q160749 Q160765 Q160766 Q160786 Q160787 Q160788 Q160810 Q160811 Q160836 Q160837 Q160838 Q160864 Q168885
6	14	Aditi Kashyapa	Q160460	Aditi Kashyapa	Q160580	SURYA Dev aka SUN GOD Kashyap	47	0	Q160460 Q160489 Q160490 Q160511 Q160512 Q160513 Q160536 Q160537 Q160538 Q160539 Q160559 Q160560 Q160575 Q160576 Q160577 Q160580 Q160596 Q160597 Q160615 Q160639 Q160640 Q160671 Q160672 Q160673 Q160674 Q160705 Q160706 Q160707 Q160727 Q160728 Q160729 Q160730 Q160731 Q160747 Q160748 Q160749 Q160765 Q160766 Q160786 Q160787 Q160788 Q160810 Q160811 Q160836 Q160837 Q160838 Q160864
6	14	Aditi Kashyapa	Q160460	Aditi Kashyapa	Q160730	TVASTAR Kashyapa	47	0	Q160460 Q160489 Q160490 Q160511 Q160512 Q160513 Q160536 Q160537 Q160538 Q160539 Q160559 Q160560 Q160575 Q160576 Q160577 Q160580 Q160596 Q160597 Q160615 Q160639 Q160640 Q160671 Q160672 Q160673 Q160674 Q160705 Q160706 Q160707 Q160727 Q160728 Q160729 Q160730 Q160731 Q160747 Q160748 Q160749 Q160765 Q160766 Q160786 Q160787 Q160788 Q160810 Q160811 Q160836 Q160837 Q160838 Q160864
6	14	Aditi Kashyapa	Q160640	SUNITA Anga	Q160615	VENA Anga	30	1	Q160459 Q160460 Q160487 Q160488 Q160489 Q160490 Q160509 Q160510 Q160511 Q160512 Q160513 Q160536 Q160537 Q160538 Q160539 Q160559 Q160560 Q160575 Q160576 Q160577 Q160580 Q160596 Q160597 Q160615 Q160640 Q160673 Q160674 Q160707 Q160730 Q160731
6	14	Aditi Kashyapa	Q160707	SANJNA \ Saranyu Saranyu	Q160673	YAMA Dharma	3	0	Q160707 Q160730 Q160731
6	14	Aditi Kashyapa	Q160580	SURYA Dev aka SUN GOD Kashyap	Q160673	YAMA Dharma	1	0	Q160580
6	14	Aditi Kashyapa	Q160596	PRITHU Vena	Q160576	Vijitashva	1	0	Q160596
6	14	Aditi Kashyapa	Q160597	ARCHIS	Q160576	Vijitashva	1	0	Q160597
7	13	Caecilia Metella	Q139550	Quintus Caecilius Metellus Balearicus	Q138399	Caecilia Metella	52	0	Q138399 Q138403 Q139550 Q139559 Q139560 Q141413 Q141414 Q144077 Q148066 Q148080 Q151743 Q151792 Q151822 Q151844 Q151874 Q72834 Q72858 Q72984 Q73146 Q73311 Q73458 Q73563 Q73566 Q73581 Q73677 Q73680 Q73683 Q73686 Q73782 Q73785 Q73788 Q73791 Q73887 Q73890 Q73970 Q74091 Q74159 Q74162 Q74213 Q78243 Q78393 Q78396 Q78525 Q78528 Q78630 Q78633 Q78636 Q78639 Q78725 Q78728 Q78752 Q78812
7	13	Caecilia Metella	Q72834	Lucius Caecilius Metellus Calvus	Q141414	Caecilia Metella	52	0	Q138399 Q138403 Q139550 Q139559 Q139560 Q141413 Q141414 Q144077 Q148066 Q148080 Q151743 Q151792 Q151822 Q151844 Q151874 Q72834 Q72858 Q72984 Q73146 Q73311 Q73458 Q73563 Q73566 Q73581 Q73677 Q73680 Q73683 Q73686 Q73782 Q73785 Q73788 Q73791 Q73887 Q73890 Q73970 Q74091 Q74159 Q74162 Q74213 Q78243 Q78393 Q78396 Q78525 Q78528 Q78630 Q78633 Q78636 Q78639 Q78725 Q78728 Q78752 Q78812
7	13	Caecilia Metella	Q72858	Quintus Caecilius Metellus Macedonicus	Q139550	Quintus Caecilius Metellus Balearicus	52	0	Q138399 Q138403 Q139550 Q139559 Q139560 Q141413 Q141414 Q144077 Q148066 Q148080 Q151743 Q151792 Q151822 Q151844 Q151874 Q72834 Q72858 Q72984 Q73146 Q73311 Q73458 Q73563 Q73566 Q73581 Q73677 Q73680 Q73683 Q73686 Q73782 Q73785 Q73788 Q73791 Q73887 Q73890 Q73970 Q74091 Q74159 Q74162 Q74213 Q78243 Q78393 Q78396 Q78525 Q78528 Q78630 Q78633 Q78636 Q78639 Q78725 Q78728 Q78752 Q78812
7	13	Caecilia Metella	Q72984	Quintus Caecilius Metellus	Q72858	Quintus Caecilius Metellus Macedonicus	52	0	Q138399 Q138403 Q139550 Q139559 Q139560 Q141413 Q141414 Q144077 Q148066 Q148080 Q151743 Q151792 Q151822 Q151844 Q151874 Q72834 Q72858 Q72984 Q73146 Q73311 Q73458 Q73563 Q73566 Q73581 Q73677 Q73680 Q73683 Q73686 Q73782 Q73785 Q73788 Q73791 Q73887 Q73890 Q73970 Q74091 Q74159 Q74162 Q74213 Q78243 Q78393 Q78396 Q78525 Q78528 Q78630 Q78633 Q78636 Q78639 Q78725 Q78728 Q78752 Q78812
7	13	Caecilia Metella	Q73146	Lucius Caecilius Metellus	Q148066	Marcus Caecilius Metellus	52	0	Q138399 Q138403 Q139550 Q139559 Q139560 Q141413 Q141414 Q144077 Q148066 Q148080 Q151743 Q151792 Q151822 Q151844 Q151874 Q72834 Q72858 Q72984 Q73146 Q73311 Q73458 Q73563 Q73566 Q73581 Q73677 Q73680 Q73683 Q73686 Q73782 Q73785 Q73788 Q73791 Q73887 Q73890 Q73970 Q74091 Q74159 Q74162 Q74213 Q78243 Q78393 Q78396 Q78525 Q78528 Q78630 Q78633 Q78636 Q78639 Q78725 Q78728 Q78752 Q78812
7	13	Caecilia Metella	Q73146	Lucius Caecilius Metellus	Q72984	Quintus Caecilius Metellus	52	0	Q138399 Q138403 Q139550 Q139559 Q139560 Q141413 Q141414 Q144077 Q148066 Q148080 Q151743 Q151792 Q151822 Q151844 Q151874 Q72834 Q72858 Q72984 Q73146 Q73311 Q73458 Q73563 Q73566 Q73581 Q73677 Q73680 Q73683 Q73686 Q73782 Q73785 Q73788 Q73791 Q73887 Q73890 Q73970 Q74091 Q74159 Q74162 Q74213 Q78243 Q78393 Q78396 Q78525 Q78528 Q78630 Q78633 Q78636 Q78639 Q78725 Q78728 Q78752 Q78812
7	13	Caecilia Metella	Q73311	Lucius Caecilius Metellus Denter	Q73146	Lucius Caecilius Metellus	52	0	Q138399 Q138403 Q139550 Q139559 Q139560 Q141413 Q141414 Q144077 Q148066 Q148080 Q151743 Q151792 Q151822 Q151844 Q151874 Q72834 Q72858 Q72984 Q73146 Q73311 Q73458 Q73563 Q73566 Q73581 Q73677 Q73680 Q73683 Q73686 Q73782 Q73785 Q73788 Q73791 Q73887 Q73890 Q73970 Q74091 Q74159 Q74162 Q74213 Q78243 Q78393 Q78396 Q78525 Q78528 Q78630 Q78633 Q78636 Q78639 Q78725 Q78728 Q78752 Q78812
7	13	Caecilia Metella	Q73458	Gaius Caecilius	Q73311	Lucius Caecilius Metellus Denter	52	1	Q138399 Q138403 Q139550 Q139559 Q139560 Q141413 Q141414 Q144077 Q148066 Q148080 Q151743 Q151792 Q151822 Q151844 Q151874 Q72834 Q72858 Q72984 Q73146 Q73311 Q73458 Q73563 Q73566 Q73581 Q73677 Q73680 Q73683 Q73686 Q73782 Q73785 Q73788 Q73791 Q73887 Q73890 Q73970 Q74091 Q74159 Q74162 Q74213 Q78243 Q78393 Q78396 Q78525 Q78528 Q78630 Q78633 Q78636 Q78639 Q78725 Q78728 Q78752 Q78812
7	13	Caecilia Metella	Q139560	Licinia	Q73458	Gaius Caecilius	51	1	Q138399 Q138403 Q139550 Q139559 Q139560 Q141413 Q141414 Q144077 Q148066 Q148080 Q151743 Q151792 Q151822 Q151844 Q151874 Q72834 Q72858 Q72984 Q73146 Q73311 Q73458 Q73563 Q73566 Q73677 Q73680 Q73683 Q73686 Q73782 Q73785 Q73788 Q73791 Q73887 Q73890 Q73970 Q74091 Q74159 Q74162 Q74213 Q78243 Q78393 Q78396 Q78525 Q78528 Q78630 Q78633 Q78636 Q78639 Q78725 Q78728 Q78752 Q78812
7	13	Caecilia Metella	Q141414	Caecilia Metella	Q139559	Lucullus	49	0	Q138399 Q138403 Q139550 Q139559 Q139560 Q141414 Q148066 Q151743 Q151792 Q151822 Q151844 Q151874 Q72834 Q72858 Q72984 Q73146 Q73311 Q73458 Q73563 Q73566 Q73581 Q73677 Q73680 Q73683 Q73686 Q73782 Q73785 Q73788 Q73791 Q73887 Q73890 Q73970 Q74091 Q74159 Q74162 Q74213 Q78243 Q78393 Q78396 Q78525 Q78528 Q78630 Q78633 Q78636 Q78639 Q78725 Q78728 Q78752 Q78812
7	13	Caecilia Metella	Q138403	Clodia	Q139560	Licinia	39	1	Q138399 Q138403 Q139550 Q151743 Q151792 Q151822 Q151844 Q151874 Q72858 Q73563 Q73566 Q73677 Q73680 Q73683 Q73686 Q73782 Q73785 Q73788 Q73791 Q73887 Q73890 Q73970 Q74091 Q74159 Q74162 Q74213 Q78243 Q78393 Q78396 Q78525 Q78528 Q78630 Q78633 Q78636 Q78639 Q78725 Q78728 Q78752 Q78812
7	13	Caecilia Metella	Q138399	Caecilia Metella	Q138403	Clodia	17	0	Q138399 Q138403 Q139550 Q139559 Q139560 Q141413 Q141414 Q144077 Q148066 Q148080 Q72834 Q72858 Q72984 Q73146 Q73311 Q73458 Q73581
7	13	Caecilia Metella	Q139559	Lucullus	Q139560	Licinia	7	0	Q139559 Q141413 Q141414 Q144077 Q148066 Q148080 Q72834
7	13	Caecilia Metella	Q148066	Marcus Caecilius Metellus	Q72834	Lucius Caecilius Metellus Calvus	1	1	Q148066
7	13	Caecilia Metella	Q72984	Quintus Caecilius Metellus	Q72834	Lucius Caecilius Metellus Calvus	0	0	
8	11	Meurig ab Ynyr Gwent	Q136996	Iorwerth Hir ap Llywarch Gam of Maelor	Q137385	Ednyfed ab Iorwerth Hir ap Llywarch Gam of Crick	184	1	Q118590 Q123703 Q123705 Q123707 Q123709 Q135419 Q135420 Q135421 Q135423 Q135424 Q135425 Q135549 Q135555 Q135557 Q135561 Q135564 Q135566 Q135693 Q135694 Q135702 Q135704 Q135716 Q135812 Q135813 Q135820 Q135829 Q135831 Q135834 Q135842 Q135851 Q136010 Q136011 Q136012 Q136013 Q136016 Q136022 Q136023 Q136037 Q136045 Q136058 Q136062 Q136067 Q136068 Q136073 Q136081 Q136244 Q136247 Q136259 Q136260 Q136270 Q136282 Q136283 Q136292 Q136297 Q136310 Q136335 Q136336 Q136338 Q136402 Q136491 Q136493 Q136519 Q136520 Q136527 Q136528 Q136529 Q136547 Q136548 Q136549 Q136556 Q136558 Q136584 Q136623 Q136624 Q136625 Q136627 Q136707 Q136708 Q136797 Q136800 Q136848 Q136851 Q136852 Q136853 Q136854 Q136873 Q136874 Q136875 Q136876 Q136877 Q136878 Q136885 Q136903 Q136957 Q136958 Q136983 Q136985 Q136990 Q136994 Q136996 Q137106 Q137107 Q137215 Q137219 Q137256 Q137259 Q137260 Q137261 Q137262 Q137273 Q137275 Q137276 Q137277 Q137278 Q137298 Q137307 Q137308 Q137320 Q137321 Q137382 Q137383 Q137384 Q137385 Q137433 Q137435 Q137449 Q137622 Q137623 Q137775 Q137811 Q137812 Q137813 Q137814 Q137815 Q137827 Q137830 Q137832 Q137833 Q137834 Q137838 Q137855 Q137862 Q137865 Q137876 Q137878 Q137893 Q137898 Q137899 Q137900 Q138090 Q138092 Q138093 Q138570 Q138625 Q138626 Q138627 Q138639 Q138679 Q138688 Q138702 Q138731 Q138732 Q139088 Q139819 Q139925 Q139926 Q139927 Q139942 Q140001 Q140011 Q140042 Q140071 Q140072 Q141908 Q141909 Q142018 Q142027 Q142059 Q144599 Q144600 Q144739 Q144791 Q148756 Q148821
8	11	Meurig ab Ynyr Gwent	Q137384	Ynyr, lord of Gwent	Q137899	Morfudd ferch Ynir	184	1	Q118590 Q123703 Q123705 Q123707 Q123709 Q135419 Q135420 Q135421 Q135423 Q135424 Q135425 Q135549 Q135555 Q135557 Q135561 Q135564 Q135566 Q135693 Q135694 Q135702 Q135704 Q135716 Q135812 Q135813 Q135820 Q135829 Q135831 Q135834 Q135842 Q135851 Q136010 Q136011 Q136012 Q136013 Q136016 Q136022 Q136023 Q136037 Q136045 Q136058 Q136062 Q136067 Q136068 Q136073 Q136081 Q136244 Q136247 Q136259 Q136260 Q136270 Q136282 Q136283 Q136292 Q136297 Q136310 Q136335 Q136336 Q136338 Q136402 Q136491 Q136493 Q136519 Q136520 Q136527 Q136528 Q136529 Q136547 Q136548 Q136549 Q136556 Q136558 Q136584 Q136623 Q136624 Q136625 Q136627 Q136707 Q136708 Q136797 Q136800 Q136848 Q136851 Q136852 Q136853 Q136854 Q136873 Q136874 Q136875 Q136876 Q136877 Q136878 Q136885 Q136903 Q136957 Q136958 Q136983 Q136985 Q136990 Q136994 Q136996 Q137106 Q137107 Q137215 Q137219 Q137256 Q137259 Q137260 Q137261 Q137262 Q137273 Q137275 Q137276 Q137277 Q137278 Q137298 Q137307 Q137308 Q137320 Q137321 Q137382 Q137383 Q137384 Q137385 Q137433 Q137435 Q137449 Q137622 Q137623 Q137775 Q137811 Q137812 Q137813 Q137814 Q137815 Q137827 Q137830 Q137832 Q137833 Q137834 Q137838 Q137855 Q137862 Q137865 Q137876 Q137878 Q137893 Q137898 Q137899 Q137900 Q138090 Q138092 Q138093 Q138570 Q138625 Q138626 Q138627 Q138639 Q138679 Q138688 Q138702 Q138731 Q138732 Q139088 Q139819 Q139925 Q139926 Q139927 Q139942 Q140001 Q140011 Q140042 Q140071 Q140072 Q141908 Q141909 Q142018 Q142027 Q142059 Q144599 Q144600 Q144739 Q144791 Q148756 Q148821
8	11	Meurig ab Ynyr Gwent	Q137385	Ednyfed ab Iorwerth Hir ap Llywarch Gam of Crick	Q136958	Elen ferch Ednyfed ab Iorwerth Hir ap Llywarch Gam	184	1	Q118590 Q123703 Q123705 Q123707 Q123709 Q135419 Q135420 Q135421 Q135423 Q135424 Q135425 Q135549 Q135555 Q135557 Q135561 Q135564 Q135566 Q135693 Q135694 Q135702 Q135704 Q135716 Q135812 Q135813 Q135820 Q135829 Q135831 Q135834 Q135842 Q135851 Q136010 Q136011 Q136012 Q136013 Q136016 Q136022 Q136023 Q136037 Q136045 Q136058 Q136062 Q136067 Q136068 Q136073 Q136081 Q136244 Q136247 Q136259 Q136260 Q136270 Q136282 Q136283 Q136292 Q136297 Q136310 Q136335 Q136336 Q136338 Q136402 Q136491 Q136493 Q136519 Q136520 Q136527 Q136528 Q136529 Q136547 Q136548 Q136549 Q136556 Q136558 Q136584 Q136623 Q136624 Q136625 Q136627 Q136707 Q136708 Q136797 Q136800 Q136848 Q136851 Q136852 Q136853 Q136854 Q136873 Q136874 Q136875 Q136876 Q136877 Q136878 Q136885 Q136903 Q136957 Q136958 Q136983 Q136985 Q136990 Q136994 Q136996 Q137106 Q137107 Q137215 Q137219 Q137256 Q137259 Q137260 Q137261 Q137262 Q137273 Q137275 Q137276 Q137277 Q137278 Q137298 Q137307 Q137308 Q137320 Q137321 Q137382 Q137383 Q137384 Q137385 Q137433 Q137435 Q137449 Q137622 Q137623 Q137775 Q137811 Q137812 Q137813 Q137814 Q137815 Q137827 Q137830 Q137832 Q137833 Q137834 Q137838 Q137855 Q137862 Q137865 Q137876 Q137878 Q137893 Q137898 Q137899 Q137900 Q138090 Q138092 Q138093 Q138570 Q138625 Q138626 Q138627 Q138639 Q138679 Q138688 Q138702 Q138731 Q138732 Q139088 Q139819 Q139925 Q139926 Q139927 Q139942 Q140001 Q140011 Q140042 Q140071 Q140072 Q141908 Q141909 Q142018 Q142027 Q142059 Q144599 Q144600 Q144739 Q144791 Q148756 Q148821
8	11	Meurig ab Ynyr Gwent	Q137320	Gwerstan ap Gwaithfoed ap Gloddieu ap Gwrhydur Hir, lord of Powys	Q137449	Lleuki|Nest ferch Gwerstan ap Gwaithfoed	183	0	Q118590 Q123703 Q123705 Q123707 Q123709 Q135419 Q135420 Q135421 Q135423 Q135424 Q135425 Q135549 Q135555 Q135557 Q135561 Q135564 Q135566 Q135693 Q135694 Q135702 Q135704 Q135716 Q135812 Q135813 Q135820 Q135829 Q135831 Q135834 Q135842 Q135851 Q136010 Q136011 Q136012 Q136013 Q136016 Q136022 Q136023 Q136037 Q136045 Q136058 Q136062 Q136067 Q136068 Q136073 Q136081 Q136244 Q136247 Q136259 Q136260 Q136270 Q136282 Q136283 Q136292 Q136297 Q136310 Q136335 Q136336 Q136338 Q136402 Q136491 Q136493 Q136519 Q136520 Q136527 Q136528 Q136529 Q136547 Q136548 Q136549 Q136556 Q136558 Q136584 Q136623 Q136624 Q136625 Q136627 Q136707 Q136708 Q136797 Q136800 Q136848 Q136851 Q136852 Q136853 Q136854 Q136873 Q136874 Q136875 Q136876 Q136877 Q136878 Q136885 Q136903 Q136957 Q136958 Q136983 Q136985 Q136990 Q136994 Q136996 Q137106 Q137107 Q137215 Q137219 Q137256 Q137259 Q137260 Q137261 Q137262 Q137273 Q137275 Q137276 Q137277 Q137278 Q137298 Q137307 Q137308 Q137320 Q137382 Q137383 Q137384 Q137385 Q137433 Q137435 Q137449 Q137622 Q137623 Q137775 Q137811 Q137812 Q137813 Q137814 Q137815 Q137827 Q137830 Q137832 Q137833 Q137834 Q137838 Q137855 Q137862 Q137865 Q137876 Q137878 Q137893 Q137898 Q137899 Q137900 Q138090 Q138092 Q138093 Q138570 Q138625 Q138626 Q138627 Q138639 Q138679 Q138688 Q138702 Q138731 Q138732 Q139088 Q139819 Q139925 Q139926 Q139927 Q139942 Q140001 Q140011 Q140042 Q140071 Q140072 Q141908 Q141909 Q142018 Q142027 Q142059 Q144599 Q144600 Q144739 Q144791 Q148756 Q148821
8	11	Meurig ab Ynyr Gwent	Q137320	Gwerstan ap Gwaithfoed ap Gloddieu ap Gwrhydur Hir, lord of Powys	Q137900	Cynfyn ap Gwerstan	183	0	Q118590 Q123703 Q123705 Q123707 Q123709 Q135419 Q135420 Q135421 Q135423 Q135424 Q135425 Q135549 Q135555 Q135557 Q135561 Q135564 Q135566 Q135693 Q135694 Q135702 Q135704 Q135716 Q135812 Q135813 Q135820 Q135829 Q135831 Q135834 Q135842 Q135851 Q136010 Q136011 Q136012 Q136013 Q136016 Q136022 Q136023 Q136037 Q136045 Q136058 Q136062 Q136067 Q136068 Q136073 Q136081 Q136244 Q136247 Q136259 Q136260 Q136270 Q136282 Q136283 Q136292 Q136297 Q136310 Q136335 Q136336 Q136338 Q136402 Q136491 Q136493 Q136519 Q136520 Q136527 Q136528 Q136529 Q136547 Q136548 Q136549 Q136556 Q136558 Q136584 Q136623 Q136624 Q136625 Q136627 Q136707 Q136708 Q136797 Q136800 Q136848 Q136851 Q136852 Q136853 Q136854 Q136873 Q136874 Q136875 Q136876 Q136877 Q136878 Q136885 Q136903 Q136957 Q136958 Q136983 Q136985 Q136990 Q136994 Q136996 Q137106 Q137107 Q137215 Q137219 Q137256 Q137259 Q137260 Q137261 Q137262 Q137273 Q137275 Q137276 Q137277 Q137278 Q137298 Q137307 Q137308 Q137320 Q137382 Q137383 Q137384 Q137385 Q137433 Q137435 Q137449 Q137622 Q137623 Q137775 Q137811 Q137812 Q137813 Q137814 Q137815 Q137827 Q137830 Q137832 Q137833 Q137834 Q137838 Q137855 Q137862 Q137865 Q137876 Q137878 Q137893 Q137898 Q137899 Q137900 Q138090 Q138092 Q138093 Q138570 Q138625 Q138626 Q138627 Q138639 Q138679 Q138688 Q138702 Q138731 Q138732 Q139088 Q139819 Q139925 Q139926 Q139927 Q139942 Q140001 Q140011 Q140042 Q140071 Q140072 Q141908 Q141909 Q142018 Q142027 Q142059 Q144599 Q144600 Q144739 Q144791 Q148756 Q148821
8	11	Meurig ab Ynyr Gwent	Q137383	Nest ferch Gwrgan ab Ithel ab Idwallon	Q136957	Meurig ab Ynyr Gwent	183	1	Q118590 Q123703 Q123705 Q123707 Q123709 Q135419 Q135420 Q135421 Q135423 Q135424 Q135425 Q135549 Q135555 Q135557 Q135561 Q135564 Q135566 Q135693 Q135694 Q135702 Q135704 Q135716 Q135812 Q135813 Q135820 Q135829 Q135831 Q135834 Q135842 Q135851 Q136010 Q136011 Q136012 Q136013 Q136016 Q136022 Q136023 Q136037 Q136045 Q136058 Q136062 Q136067 Q136068 Q136073 Q136081 Q136244 Q136247 Q136259 Q136260 Q136270 Q136282 Q136283 Q136292 Q136297 Q136310 Q136335 Q136336 Q136338 Q136402 Q136491 Q136493 Q136519 Q136520 Q136527 Q136528 Q136529 Q136547 Q136548 Q136549 Q136556 Q136558 Q136584 Q136623 Q136624 Q136625 Q136627 Q136707 Q136708 Q136797 Q136800 Q136848 Q136851 Q136852 Q136853 Q136854 Q136873 Q136874 Q136875 Q136876 Q136877 Q136878 Q136885 Q136903 Q136957 Q136958 Q136983 Q136985 Q136990 Q136994 Q136996 Q137106 Q137107 Q137215 Q137219 Q137256 Q137259 Q137260 Q137261 Q137262 Q137273 Q137275 Q137276 Q137277 Q137278 Q137298 Q137307 Q137308 Q137320 Q137321 Q137383 Q137384 Q137385 Q137433 Q137435 Q137449 Q137622 Q137623 Q137775 Q137811 Q137812 Q137813 Q137814 Q137815 Q137827 Q137830 Q137832 Q137833 Q137834 Q137838 Q137855 Q137862 Q137865 Q137876 Q137878 Q137893 Q137898 Q137899 Q137900 Q138090 Q138092 Q138093 Q138570 Q138625 Q138626 Q138627 Q138639 Q138679 Q138688 Q138702 Q138731 Q138732 Q139088 Q139819 Q139925 Q139926 Q139927 Q139942 Q140001 Q140011 Q140042 Q140071 Q140072 Q141908 Q141909 Q142018 Q142027 Q142059 Q144599 Q144600 Q144739 Q144791 Q148756 Q148821
8	11	Meurig ab Ynyr Gwent	Q137878	NN ferch Cynfyn ap Gwerystan ap Gwaithfoed	Q137383	Nest ferch Gwrgan ab Ithel ab Idwallon	178	1	Q118590 Q123703 Q123705 Q123707 Q123709 Q135419 Q135420 Q135421 Q135423 Q135424 Q135425 Q135549 Q135555 Q135557 Q135561 Q135564 Q135566 Q135693 Q135694 Q135702 Q135704 Q135716 Q135812 Q135813 Q135820 Q135829 Q135831 Q135834 Q135842 Q135851 Q136010 Q136011 Q136012 Q136013 Q136016 Q136022 Q136023 Q136037 Q136045 Q136058 Q136062 Q136067 Q136068 Q136073 Q136081 Q136244 Q136247 Q136259 Q136260 Q136270 Q136282 Q136283 Q136292 Q136297 Q136310 Q136335 Q136336 Q136338 Q136402 Q136491 Q136493 Q136519 Q136520 Q136527 Q136528 Q136529 Q136547 Q136548 Q136549 Q136556 Q136558 Q136584 Q136623 Q136624 Q136625 Q136627 Q136707 Q136708 Q136797 Q136800 Q136848 Q136851 Q136852 Q136853 Q136854 Q136873 Q136874 Q136875 Q136876 Q136877 Q136878 Q136885 Q136903 Q136957 Q136958 Q136983 Q136985 Q136990 Q136994 Q136996 Q137106 Q137107 Q137215 Q137219 Q137256 Q137259 Q137260 Q137261 Q137262 Q137273 Q137275 Q137276 Q137277 Q137278 Q137298 Q137307 Q137308 Q137320 Q137321 Q137382 Q137383 Q137384 Q137385 Q137433 Q137435 Q137449 Q137622 Q137623 Q137775 Q137811 Q137812 Q137813 Q137814 Q137815 Q137827 Q137830 Q137832 Q137833 Q137834 Q137838 Q137855 Q137862 Q137865 Q137878 Q137893 Q137898 Q137899 Q137900 Q138090 Q138092 Q138093 Q138570 Q138625 Q138626 Q138627 Q138639 Q138679 Q138688 Q138731 Q138732 Q139088 Q139819 Q139925 Q139926 Q139927 Q139942 Q140001 Q140011 Q140071 Q140072 Q141908 Q141909 Q142018 Q142027 Q144599 Q144600 Q144739 Q148756
8	11	Meurig ab Ynyr Gwent	Q137899	Morfudd ferch Ynir	Q137320	Gwerstan ap Gwaithfoed ap Gloddieu ap Gwrhydur Hir, lord of Powys	166	0	Q118590 Q123703 Q123705 Q123707 Q123709 Q135419 Q135420 Q135421 Q135423 Q135424 Q135425 Q135549 Q135555 Q135557 Q135561 Q135564 Q135566 Q135693 Q135694 Q135702 Q135704 Q135716 Q135812 Q135813 Q135820 Q135829 Q135831 Q135834 Q135842 Q135851 Q136010 Q136011 Q136012 Q136013 Q136016 Q136022 Q136023 Q136037 Q136045 Q136058 Q136062 Q136067 Q136068 Q136073 Q136081 Q136244 Q136247 Q136259 Q136260 Q136270 Q136282 Q136283 Q136292 Q136297 Q136310 Q136335 Q136336 Q136338 Q136402 Q136491 Q136493 Q136519 Q136520 Q136527 Q136528 Q136547 Q136548 Q136549 Q136556 Q136558 Q136584 Q136623 Q136624 Q136625 Q136627 Q136707 Q136708 Q136797 Q136800 Q136848 Q136851 Q136852 Q136873 Q136874 Q136875 Q136876 Q136877 Q136878 Q136885 Q136903 Q136957 Q136958 Q136983 Q136985 Q136990 Q136994 Q136996 Q137106 Q137107 Q137215 Q137219 Q137256 Q137259 Q137260 Q137273 Q137275 Q137276 Q137277 Q137278 Q137298 Q137307 Q137308 Q137320 Q137321 Q137382 Q137383 Q137384 Q137385 Q137433 Q137435 Q137449 Q137622 Q137623 Q137775 Q137811 Q137812 Q137813 Q137827 Q137830 Q137832 Q137833 Q137834 Q137838 Q137855 Q137862 Q137865 Q137876 Q137878 Q137893 Q137899 Q137900 Q138090 Q138092 Q138093 Q138570 Q138625 Q138639 Q138679 Q138688 Q138702 Q139088 Q139819 Q139925 Q139942 Q140001 Q140011 Q140042 Q141908 Q142018 Q142027 Q142059 Q144599 Q144739 Q144791 Q148756 Q148821
8	11	Meurig ab Ynyr Gwent	Q137900	Cynfyn ap Gwerstan	Q137878	NN ferch Cynfyn ap Gwerystan ap Gwaithfoed	82	0	Q123705 Q123709 Q135420 Q135421 Q135424 Q135425 Q135561 Q135564 Q135566 Q135704 Q135716 Q135834 Q135851 Q136062 Q136081 Q136297 Q136335 Q136336 Q136338 Q136528 Q136529 Q136558 Q136623 Q136627 Q136852 Q136853 Q136854 Q136877 Q136885 Q136957 Q136958 Q136983 Q136994 Q136996 Q137260 Q137261 Q137262 Q137278 Q137307 Q137308 Q137320 Q137321 Q137382 Q137383 Q137384 Q137385 Q137449 Q137813 Q137814 Q137815 Q137833 Q137834 Q137838 Q137862 Q137865 Q137876 Q137878 Q137898 Q137899 Q137900 Q138625 Q138626 Q138627 Q138688 Q138702 Q138731 Q138732 Q139925 Q139926 Q139927 Q140011 Q140042 Q140071 Q140072 Q141908 Q141909 Q142027 Q142059 Q144599 Q144600 Q144791 Q148821
8	11	Meurig ab Ynyr Gwent	Q136958	Elen ferch Ednyfed ab Iorwerth Hir ap Llywarch Gam	Q137384	Ynyr, lord of Gwent	49	0	Q123705 Q123709 Q135420 Q135421 Q135424 Q135425 Q135561 Q135564 Q135566 Q135704 Q135716 Q135834 Q135851 Q136062 Q136081 Q136297 Q136335 Q136336 Q136338 Q136528 Q136558 Q136623 Q136627 Q136852 Q136877 Q136885 Q136958 Q136983 Q136994 Q136996 Q137260 Q137278 Q137307 Q137308 Q137385 Q137449 Q137813 Q137833 Q137834 Q137838 Q137862 Q137865 Q138625 Q138688 Q139925 Q140011 Q141908 Q142027 Q144599
8	11	Meurig ab Ynyr Gwent	Q137449	Lleuki|Nest ferch Gwerstan ap Gwaithfoed	Q136996	Iorwerth Hir ap Llywarch Gam of Maelor	44	0	Q136529 Q136853 Q136854 Q136957 Q136958 Q136985 Q136996 Q137261 Q137262 Q137277 Q137320 Q137321 Q137382 Q137383 Q137384 Q137385 Q137433 Q137449 Q137814 Q137815 Q137832 Q137876 Q137878 Q137893 Q137898 Q137899 Q137900 Q138090 Q138626 Q138627 Q138702 Q138731 Q138732 Q139088 Q139926 Q139927 Q140042 Q140071 Q140072 Q141909 Q142059 Q144600 Q144791 Q148821
8	11	Meurig ab Ynyr Gwent	Q136957	Meurig ab Ynyr Gwent	Q137384	Ynyr, lord of Gwent	18	0	Q136957 Q136985 Q137277 Q137382 Q137383 Q137433 Q137832 Q137876 Q137878 Q137893 Q137900 Q138090 Q138702 Q139088 Q140042 Q142059 Q144791 Q148821
9	10	Shaodian	Q87840	  	Q6421	Shaodian	11	1	Q6421 Q87840 Q87842 Q87844 Q87846 Q87848 Q87850 Q87852 Q87854 Q87856 Q87860
10	8	Gaius Servilius	Q73170	Gaius Servilius	Q73985	Quintus Servilius	8	0	Q73170 Q73332 Q73479 Q73599 Q73710 Q73812 Q73910 Q73985
10	8	Gaius Servilius	Q73332	Publius Servilius	Q73170	Gaius Servilius	8	1	Q73170 Q73332 Q73479 Q73599 Q73710 Q73812 Q73910 Q73985
10	8	Gaius Servilius	Q73479	Quintus Servilius	Q73332	Publius Servilius	8	1	Q73170 Q73332 Q73479 Q73599 Q73710 Q73812 Q73910 Q73985
10	8	Gaius Servilius	Q73599	Gnaeus Servilius	Q73479	Quintus Servilius	8	1	Q73170 Q73332 Q73479 Q73599 Q73710 Q73812 Q73910 Q73985
10	8	Gaius Servilius	Q73710	Servilius	Q73599	Gnaeus Servilius	8	1	Q73170 Q73332 Q73479 Q73599 Q73710 Q73812 Q73910 Q73985
10	8	Gaius Servilius	Q73812	Gaius Servilius	Q73710	Servilius	8	1	Q73170 Q73332 Q73479 Q73599 Q73710 Q73812 Q73910 Q73985
10	8	Gaius Servilius	Q73910	Gaius Servilius	Q73812	Gaius Servilius	8	0	Q73170 Q73332 Q73479 Q73599 Q73710 Q73812 Q73910 Q73985
10	8	Gaius Servilius	Q73985	Quintus Servilius	Q73910	Gaius Servilius	8	1	Q73170 Q73332 Q73479 Q73599 Q73710 Q73812 Q73910 Q73985
11	7	Joan ferch Ieuan ap Rhys ap Llowdden	Q138061	Joan ferch Ieuan ap Rhys ap Llowdden	Q138810	Llywelyn Ddû ab Owain	307	1	Q112492 Q113928 Q113954 Q114004 Q114006 Q114107 Q114205 Q115688 Q116389 Q116397 Q116407 Q116489 Q116491 Q116493 Q116517 Q116617 Q116619 Q116621 Q116667 Q116741 Q116755 Q116757 Q116883 Q119077 Q119507 Q120177 Q120179 Q120185 Q120308 Q120312 Q120440 Q120474 Q120476 Q120482 Q120486 Q120540 Q120544 Q120658 Q120686 Q120688 Q120838 Q120840 Q121209 Q124587 Q124589 Q124779 Q124783 Q125687 Q125689 Q125699 Q125701 Q125703 Q125821 Q125823 Q125825 Q126001 Q126057 Q126061 Q126067 Q126089 Q126109 Q126269 Q126271 Q126421 Q126423 Q126427 Q129181 Q135850 Q136080 Q136319 Q136332 Q136337 Q136538 Q136540 Q136591 Q136595 Q136613 Q136617 Q136626 Q136866 Q136868 Q136880 Q136911 Q136912 Q136917 Q136918 Q136967 Q136973 Q136991 Q136992 Q137006 Q137268 Q137270 Q137280 Q137281 Q137306 Q137359 Q137360 Q137414 Q137416 Q137438 Q137441 Q137442 Q137509 Q137805 Q137807 Q137822 Q137824 Q137825 Q137840 Q137861 Q137977 Q137978 Q137979 Q138053 Q138061 Q138069 Q138071 Q138095 Q138096 Q138102 Q138103 Q138203 Q138608 Q138616 Q138618 Q138632 Q138634 Q138635 Q138646 Q138656 Q138683 Q138733 Q138735 Q138738 Q138752 Q138780 Q138781 Q138810 Q138866 Q138900 Q138901 Q138905 Q138906 Q138907 Q139007 Q139025 Q139026 Q139043 Q139064 Q139065 Q139067 Q139091 Q139111 Q139887 Q139919 Q139933 Q139937 Q139947 Q139967 Q139968 Q139969 Q139980 Q139981 Q140005 Q140036 Q140067 Q140073 Q140077 Q140082 Q140085 Q140095 Q140159 Q140160 Q140162 Q140164 Q140165 Q140227 Q140234 Q140323 Q140324 Q140388 Q140389 Q140391 Q140393 Q140395 Q140397 Q140598 Q140599 Q140606 Q140643 Q140677 Q140681 Q140750 Q140970 Q140973 Q141155 Q141156 Q141848 Q141849 Q141893 Q141917 Q141926 Q141960 Q141961 Q141962 Q141963 Q141982 Q141986 Q142021 Q142029 Q142047 Q142055 Q142056 Q142095 Q142099 Q142186 Q142205 Q142206 Q142208 Q142210 Q142211 Q142217 Q142218 Q142256 Q142390 Q142579 Q142580 Q142633 Q142634 Q142639 Q142640 Q142642 Q142646 Q142648 Q142652 Q142922 Q142996 Q143043 Q143044 Q143050 Q143143 Q143189 Q143470 Q143749 Q144514 Q144515 Q144585 Q144617 Q144660 Q144787 Q144807 Q144808 Q144825 Q144989 Q144990 Q144991 Q144992 Q144995 Q145000 Q145001 Q145111 Q145386 Q145661 Q145662 Q145716 Q145717 Q145723 Q145724 Q145725 Q145726 Q145728 Q145729 Q145730 Q145732 Q145735 Q146211 Q146274 Q146277 Q146434 Q146758 Q146772 Q146773 Q146942 Q146943 Q147294 Q148481 Q148662 Q148846 Q149090 Q149091 Q149092 Q149093 Q149094 Q149104 Q149105 Q150173 Q150175 Q150225 Q150226 Q150227 Q150228 Q150229 Q150230 Q150236 Q150969 Q151135
11	7	Joan ferch Ieuan ap Rhys ap Llowdden	Q139067	Gruffudd Foethus ap Llywelyn	Q140681	Lleucu ferch Gruffudd	220	0	Q127878 Q127882 Q135712 Q135715 Q135845 Q135849 Q135850 Q136075 Q136076 Q136080 Q136317 Q136319 Q136321 Q136322 Q136332 Q136538 Q136540 Q136589 Q136591 Q136595 Q136598 Q136599 Q136613 Q136617 Q136866 Q136868 Q136908 Q136911 Q136912 Q136917 Q136918 Q136926 Q136930 Q136967 Q136973 Q136995 Q137268 Q137270 Q137272 Q137303 Q137306 Q137323 Q137334 Q137359 Q137360 Q137414 Q137416 Q137441 Q137450 Q137805 Q137807 Q137822 Q137824 Q137825 Q137826 Q137861 Q137879 Q137926 Q137927 Q137977 Q137978 Q137979 Q138023 Q138053 Q138061 Q138069 Q138071 Q138102 Q138110 Q138111 Q138113 Q138608 Q138615 Q138618 Q138632 Q138634 Q138635 Q138636 Q138649 Q138673 Q138675 Q138683 Q138705 Q138707 Q138733 Q138735 Q138740 Q138748 Q138808 Q138809 Q138810 Q138866 Q138900 Q138901 Q138905 Q138906 Q138907 Q139007 Q139025 Q139026 Q139043 Q139064 Q139065 Q139067 Q139120 Q139125 Q139887 Q139913 Q139919 Q139933 Q139937 Q139938 Q139953 Q139979 Q139996 Q139997 Q140005 Q140044 Q140073 Q140079 Q140090 Q140232 Q140233 Q140234 Q140323 Q140324 Q140388 Q140389 Q140391 Q140393 Q140395 Q140397 Q140594 Q140595 Q140598 Q140599 Q140643 Q140681 Q140715 Q140749 Q140766 Q140768 Q140777 Q140782 Q140783 Q140806 Q140812 Q141806 Q141848 Q141849 Q141880 Q141890 Q141917 Q141919 Q141930 Q142009 Q142012 Q142021 Q142049 Q142061 Q142081 Q142092 Q142186 Q142389 Q142390 Q142639 Q142640 Q142642 Q142646 Q142648 Q142652 Q142916 Q142917 Q142918 Q142922 Q142996 Q143132 Q143133 Q143140 Q143181 Q143188 Q143212 Q144438 Q144514 Q144515 Q144606 Q144616 Q144618 Q144619 Q144778 Q145385 Q145386 Q145550 Q145723 Q145724 Q145725 Q145726 Q145728 Q145729 Q145730 Q145732 Q145735 Q146106 Q146211 Q146387 Q146426 Q148361 Q148481 Q148608 Q150031 Q150225 Q150226 Q150227 Q150228 Q150229 Q150230 Q150236 Q151089 Q151126 Q151127
12	7	Sekhemre Sankhtawy Neferhotep III	Q85514	Senebhenaf . 	Q85498	Sekhemre Sementawi Djehuti	12	0	Q85478 Q85498 Q85500 Q85514 Q85528 Q85530 Q85552 Q85554 Q85556 Q85558 Q85578 Q85580
12	7	Sekhemre Sankhtawy Neferhotep III	Q85514	Senebhenaf . 	Q85500	Mentuhotep . 	12	0	Q85478 Q85498 Q85500 Q85514 Q85528 Q85530 Q85552 Q85554 Q85556 Q85558 Q85578 Q85580
12	7	Sekhemre Sankhtawy Neferhotep III	Q85478	Sekhemre Sankhtawy Neferhotep III	Q85578	Sankhenre Mentuhotep VI	2	0	Q85478 Q85498
12	7	Sekhemre Sankhtawy Neferhotep III	Q85498	Sekhemre Sementawi Djehuti	Q85478	Sekhemre Sankhtawy Neferhotep III	1	1	Q85498
12	7	Sekhemre Sankhtawy Neferhotep III	Q85500	Mentuhotep . 	Q85478	Sekhemre Sankhtawy Neferhotep III	0	0	
12	7	Sekhemre Sankhtawy Neferhotep III	Q85500	Mentuhotep . 	Q85578	Sankhenre Mentuhotep VI	0	0	
13	7	Venkatacharyar Jatavallabha (Jatavallabha award by Maha	Q171493	Venkatacharyar Jatavallabha (Jatavallabha award by Maha	Q171595	Rangacharya Jatavallabha (Jatavallabha award by Maha	53	0	Q160507 Q160508 Q160509 Q160510 Q160532 Q160533 Q160534 Q160535 Q160870 Q160871 Q160891 Q168885 Q168970 Q169204 Q169441 Q169720 Q170131 Q170356 Q170481 Q170559 Q170639 Q170703 Q170753 Q170795 Q170840 Q170875 Q170907 Q170943 Q170976 Q171005 Q171032 Q171055 Q171056 Q171075 Q171076 Q171098 Q171099 Q171124 Q171125 Q171171 Q171224 Q171256 Q171257 Q171279 Q171309 Q171378 Q171493 Q171595 Q171604 Q171614 Q171622 Q171636 Q171648
13	7	Venkatacharyar Jatavallabha (Jatavallabha award by Maha	Q171595	Rangacharya Jatavallabha (Jatavallabha award by Maha	Q171604	Venkatacharya Jatavallabha (Jatavallabha award by Maha	53	0	Q160507 Q160508 Q160509 Q160510 Q160532 Q160533 Q160534 Q160535 Q160870 Q160871 Q160891 Q168885 Q168970 Q169204 Q169441 Q169720 Q170131 Q170356 Q170481 Q170559 Q170639 Q170703 Q170753 Q170795 Q170840 Q170875 Q170907 Q170943 Q170976 Q171005 Q171032 Q171055 Q171056 Q171075 Q171076 Q171098 Q171099 Q171124 Q171125 Q171171 Q171224 Q171256 Q171257 Q171279 Q171309 Q171378 Q171493 Q171595 Q171604 Q171614 Q171622 Q171636 Q171648
13	7	Venkatacharyar Jatavallabha (Jatavallabha award by Maha	Q171604	Venkatacharya Jatavallabha (Jatavallabha award by Maha	Q171614	Srinivasacharya Jatavallabha	53	0	Q160507 Q160508 Q160509 Q160510 Q160532 Q160533 Q160534 Q160535 Q160870 Q160871 Q160891 Q168885 Q168970 Q169204 Q169441 Q169720 Q170131 Q170356 Q170481 Q170559 Q170639 Q170703 Q170753 Q170795 Q170840 Q170875 Q170907 Q170943 Q170976 Q171005 Q171032 Q171055 Q171056 Q171075 Q171076 Q171098 Q171099 Q171124 Q171125 Q171171 Q171224 Q171256 Q171257 Q171279 Q171309 Q171378 Q171493 Q171595 Q171604 Q171614 Q171622 Q171636 Q171648
13	7	Venkatacharyar Jatavallabha (Jatavallabha award by Maha	Q171614	Srinivasacharya Jatavallabha	Q171622	Srinivasacharyar Jatavallabha (Jatavallabha award by Maha	53	0	Q160507 Q160508 Q160509 Q160510 Q160532 Q160533 Q160534 Q160535 Q160870 Q160871 Q160891 Q168885 Q168970 Q169204 Q169441 Q169720 Q170131 Q170356 Q170481 Q170559 Q170639 Q170703 Q170753 Q170795 Q170840 Q170875 Q170907 Q170943 Q170976 Q171005 Q171032 Q171055 Q171056 Q171075 Q171076 Q171098 Q171099 Q171124 Q171125 Q171171 Q171224 Q171256 Q171257 Q171279 Q171309 Q171378 Q171493 Q171595 Q171604 Q171614 Q171622 Q171636 Q171648
13	7	Venkatacharyar Jatavallabha (Jatavallabha award by Maha	Q171622	Srinivasacharyar Jatavallabha (Jatavallabha award by Maha	Q171636	Venkatacharya Jatavallabha (Jatavallabha award by Maha	53	0	Q160507 Q160508 Q160509 Q160510 Q160532 Q160533 Q160534 Q160535 Q160870 Q160871 Q160891 Q168885 Q168970 Q169204 Q169441 Q169720 Q170131 Q170356 Q170481 Q170559 Q170639 Q170703 Q170753 Q170795 Q170840 Q170875 Q170907 Q170943 Q170976 Q171005 Q171032 Q171055 Q171056 Q171075 Q171076 Q171098 Q171099 Q171124 Q171125 Q171171 Q171224 Q171256 Q171257 Q171279 Q171309 Q171378 Q171493 Q171595 Q171604 Q171614 Q171622 Q171636 Q171648
13	7	Venkatacharyar Jatavallabha (Jatavallabha award by Maha	Q171636	Venkatacharya Jatavallabha (Jatavallabha award by Maha	Q171648	Rangacharya Jatavallabha (Jatavallabha award by Maha	53	0	Q160507 Q160508 Q160509 Q160510 Q160532 Q160533 Q160534 Q160535 Q160870 Q160871 Q160891 Q168885 Q168970 Q169204 Q169441 Q169720 Q170131 Q170356 Q170481 Q170559 Q170639 Q170703 Q170753 Q170795 Q170840 Q170875 Q170907 Q170943 Q170976 Q171005 Q171032 Q171055 Q171056 Q171075 Q171076 Q171098 Q171099 Q171124 Q171125 Q171171 Q171224 Q171256 Q171257 Q171279 Q171309 Q171378 Q171493 Q171595 Q171604 Q171614 Q171622 Q171636 Q171648
13	7	Venkatacharyar Jatavallabha (Jatavallabha award by Maha	Q171648	Rangacharya Jatavallabha (Jatavallabha award by Maha	Q171493	Venkatacharyar Jatavallabha (Jatavallabha award by Maha	7	0	Q171493 Q171595 Q171604 Q171614 Q171622 Q171636 Q171648
14	6	Gepaepyris	Q139511	Cotys III	Q138363	Gepaepyris	172	0	Q108975 Q108977 Q109099 Q109101 Q109187 Q109253 Q109303 Q118392 Q130059 Q130984 Q130994 Q131020 Q131230 Q131666 Q131715 Q131775 Q131789 Q132102 Q132239 Q132240 Q132242 Q132257 Q132408 Q132443 Q132477 Q132498 Q132499 Q132577 Q132585 Q132604 Q132607 Q132613 Q132821 Q132822 Q132823 Q132826 Q132880 Q133027 Q133052 Q133306 Q133344 Q133364 Q133600 Q133770 Q133836 Q133856 Q133857 Q133858 Q133971 Q133977 Q133985 Q134106 Q134107 Q134139 Q134160 Q134161 Q134167 Q134310 Q134330 Q134435 Q134472 Q134605 Q134608 Q134663 Q134669 Q134803 Q135774 Q135794 Q135914 Q135967 Q135968 Q136208 Q136727 Q137126 Q137643 Q137646 Q138363 Q138365 Q139511 Q141360 Q141361 Q144020 Q148022 Q59546 Q73050 Q73053 Q73215 Q73218 Q73359 Q73362 Q73368 Q73374 Q73377 Q73380 Q73497 Q73500 Q73503 Q73506 Q73512 Q73515 Q73623 Q73626 Q73629 Q73632 Q73635 Q73638 Q73737 Q73740 Q73743 Q73746 Q73749 Q73830 Q73845 Q73848 Q73851 Q73854 Q73857 Q73860 Q73928 Q73934 Q73937 Q73940 Q73943 Q73946 Q73997 Q74000 Q74003 Q74006 Q74058 Q74117 Q74120 Q74186 Q74228 Q74231 Q74282 Q74284 Q74287 Q74290 Q74344 Q74347 Q74350 Q74386 Q74389 Q74392 Q74434 Q74437 Q74479 Q74482 Q74521 Q74524 Q74575 Q74578 Q74617 Q74620 Q74659 Q74662 Q74683 Q74686 Q74704 Q74723 Q74732 Q74747 Q74759 Q74768 Q74771 Q74780 Q74789 Q78603 Q78710 Q79004 Q79010 Q79013
15	5	Arsende  de Cabrera	Q123407	Marquesa d'Urgell	Q124325	Guerau IV de Cabrera	1542	1	(1542 records, not listed)
15	5	Arsende  de Cabrera	Q107162	Ermengol VII, Count of Urgell	Q123407	Marquesa d'Urgell	1120	0	(1120 records, not listed)
15	5	Arsende  de Cabrera	Q104371	Arsende  de Cabrera	Q107162	Ermengol VII, Count of Urgell	992	0	(992 records, not listed)
15	5	Arsende  de Cabrera	Q124325	Guerau IV de Cabrera	Q124326	Guerau V de Cabrera	254	0	Q100001 Q100009 Q100013 Q100142 Q100152 Q100154 Q100190 Q100204 Q100208 Q100212 Q100224 Q100242 Q100282 Q100286 Q100505 Q100517 Q100519 Q100569 Q100571 Q100595 Q100609 Q100619 Q100665 Q100667 Q100673 Q100675 Q101095 Q101097 Q101103 Q101113 Q101215 Q101219 Q101249 Q101267 Q101269 Q101291 Q101293 Q101381 Q101387 Q102297 Q102603 Q103961 Q103963 Q103991 Q103993 Q104027 Q104258 Q104260 Q104369 Q104371 Q104427 Q105101 Q105311 Q106994 Q107158 Q107162 Q107214 Q110938 Q111523 Q111545 Q112370 Q112374 Q112845 Q112847 Q112849 Q112999 Q113001 Q113583 Q113585 Q113591 Q113625 Q113650 Q113652 Q113656 Q113658 Q113710 Q113712 Q113925 Q113955 Q113957 Q113959 Q113991 Q114154 Q114244 Q114748 Q114758 Q114804 Q114806 Q114808 Q114830 Q114969 Q115610 Q115772 Q115774 Q115778 Q115780 Q115860 Q115862 Q116044 Q118205 Q118207 Q118238 Q118285 Q118287 Q118289 Q118293 Q118313 Q118317 Q118318 Q118456 Q118651 Q118769 Q119274 Q119682 Q123407 Q123439 Q123444 Q123448 Q123450 Q124325 Q124326 Q125050 Q125052 Q125070 Q125072 Q79114 Q79132 Q79138 Q79144 Q79153 Q79162 Q79174 Q79186 Q79192 Q79195 Q79205 Q79208 Q79220 Q79223 Q79229 Q79235 Q79241 Q79244 Q79250 Q79253 Q79262 Q79277 Q79280 Q79283 Q79286 Q79295 Q79298 Q79313 Q79328 Q79331 Q79334 Q79349 Q79358 Q79361 Q79364 Q79367 Q79370 Q79388 Q79391 Q79397 Q79400 Q79406 Q79415 Q79421 Q79424 Q79435 Q79438 Q79450 Q79477 Q79480 Q79486 Q79519 Q79537 Q79543 Q79597 Q79618 Q79636 Q79684 Q79767 Q79908 Q80048 Q80271 Q80417 Q80795 Q81111 Q81599 Q81867 Q82822 Q84000 Q99498 Q99502 Q99504 Q99506 Q99512 Q99514 Q99522 Q99524 Q99526 Q99528 Q99534 Q99536 Q99538 Q99540 Q99542 Q99546 Q99548 Q99550 Q99552 Q99554 Q99561 Q99563 Q99565 Q99567 Q99569 Q99579 Q99581 Q99583 Q99593 Q99595 Q99603 Q99605 Q99611 Q99613 Q99615 Q99617 Q99619 Q99621 Q99623 Q99625 Q99629 Q99631 Q99753 Q99759 Q99765 Q99777 Q99779 Q99803 Q99805 Q99807 Q99809 Q99851 Q99853 Q99883 Q99889 Q99939 Q99983 Q99985 Q99987 Q99993
16	5	Tyro	Q131896	Tyro	Q131902	Neleus	176	0	Q130015 Q130019 Q130027 Q130061 Q130067 Q130071 Q130077 Q130125 Q130131 Q130189 Q130452 Q130456 Q130560 Q130582 Q130584 Q130648 Q130686 Q130708 Q130714 Q130716 Q131024 Q131030 Q131064 Q131066 Q131068 Q131114 Q131228 Q131332 Q131510 Q131683 Q131717 Q131757 Q131896 Q131902 Q132041 Q132042 Q132189 Q132251 Q132255 Q132256 Q132283 Q132321 Q132324 Q132327 Q132328 Q132332 Q132367 Q132620 Q133062 Q133388 Q133389 Q133464 Q133503 Q133529 Q133534 Q133620 Q133643 Q133796 Q134004 Q134175 Q134222 Q134359 Q134368 Q74656 Q74934 Q74937 Q74970 Q74973 Q75054 Q75072 Q75096 Q75099 Q75120 Q75123 Q75132 Q75135 Q75153 Q75162 Q75165 Q75174 Q75177 Q75180 Q75183 Q75192 Q75195 Q75207 Q75210 Q75213 Q75216 Q75219 Q75222 Q75225 Q75237 Q75240 Q75243 Q75246 Q75249 Q75252 Q75255 Q75258 Q75261 Q75264 Q75276 Q75279 Q75282 Q75285 Q75288 Q75291 Q75294 Q75297 Q75300 Q75303 Q75306 Q75315 Q75318 Q75321 Q75324 Q75327 Q75336 Q75339 Q75342 Q75345 Q75348 Q75351 Q75357 Q75360 Q75363 Q75366 Q75369 Q75372 Q75375 Q75381 Q75384 Q75387 Q75390 Q75396 Q90291 Q90309 Q90315 Q90317 Q90319 Q90325 Q90359 Q90368 Q90374 Q90376 Q90382 Q90388 Q90394 Q90406 Q90408 Q90442 Q90448 Q90476 Q90478 Q90480 Q90484 Q90512 Q90514 Q90518 Q90520 Q90522 Q90524 Q90528 Q90530 Q90564 Q90566 Q90568 Q90570 Q90574 Q90576 Q90594 Q90596 Q90598 Q90602 Q90606
16	5	Tyro	Q75123	Deimachus	Q132251	Enarete	163	0	Q130015 Q130019 Q130027 Q130067 Q130071 Q130077 Q130125 Q130131 Q130189 Q130452 Q130456 Q130560 Q130582 Q130584 Q130648 Q130686 Q130708 Q130714 Q130716 Q131064 Q131066 Q131068 Q131114 Q131228 Q131332 Q131510 Q131683 Q131717 Q131896 Q131902 Q132041 Q132042 Q132189 Q132251 Q132255 Q132256 Q132321 Q132324 Q132327 Q132328 Q132332 Q132367 Q132620 Q133062 Q133388 Q133389 Q133464 Q133503 Q133529 Q133534 Q133620 Q133643 Q133796 Q134004 Q134175 Q134222 Q134359 Q134368 Q75054 Q75072 Q75096 Q75099 Q75123 Q75132 Q75135 Q75153 Q75162 Q75165 Q75174 Q75177 Q75180 Q75183 Q75192 Q75195 Q75207 Q75210 Q75213 Q75216 Q75219 Q75222 Q75225 Q75237 Q75240 Q75243 Q75246 Q75249 Q75252 Q75255 Q75258 Q75261 Q75264 Q75276 Q75279 Q75282 Q75285 Q75288 Q75291 Q75294 Q75297 Q75300 Q75303 Q75306 Q75315 Q75318 Q75321 Q75324 Q75327 Q75336 Q75339 Q75342 Q75345 Q75348 Q75351 Q75357 Q75360 Q75363 Q75366 Q75369 Q75372 Q75375 Q75381 Q75384 Q75387 Q75390 Q75396 Q90291 Q90315 Q90317 Q90319 Q90325 Q90359 Q90368 Q90374 Q90376 Q90382 Q90388 Q90394 Q90406 Q90408 Q90442 Q90448 Q90476 Q90478 Q90480 Q90484 Q90512 Q90514 Q90518 Q90520 Q90522 Q90524 Q90528 Q90530 Q90564 Q90566 Q90568 Q90570 Q90574 Q90594 Q90596 Q90598 Q90602 Q90606
16	5	Tyro	Q132251	Enarete	Q132367	Salmoneus	149	0	Q130015 Q130019 Q130027 Q130067 Q130071 Q130077 Q130125 Q130131 Q130452 Q130456 Q130560 Q130582 Q130686 Q130708 Q130714 Q130716 Q131064 Q131066 Q131068 Q131114 Q131228 Q131510 Q131683 Q131717 Q131896 Q131902 Q132189 Q132251 Q132256 Q132321 Q132324 Q132327 Q132328 Q132332 Q132367 Q132620 Q133062 Q133388 Q133389 Q133464 Q133503 Q133529 Q133534 Q133620 Q133643 Q133796 Q134004 Q134175 Q134222 Q134359 Q134368 Q74934 Q74937 Q75072 Q75096 Q75099 Q75120 Q75123 Q75132 Q75135 Q75162 Q75165 Q75174 Q75177 Q75180 Q75183 Q75207 Q75210 Q75213 Q75216 Q75219 Q75222 Q75237 Q75240 Q75243 Q75246 Q75249 Q75252 Q75255 Q75258 Q75261 Q75264 Q75276 Q75279 Q75282 Q75285 Q75288 Q75291 Q75294 Q75297 Q75300 Q75303 Q75306 Q75315 Q75318 Q75321 Q75324 Q75327 Q75336 Q75339 Q75342 Q75345 Q75348 Q75351 Q75357 Q75360 Q75363 Q75366 Q75369 Q75372 Q75375 Q75381 Q75384 Q75387 Q75390 Q75396 Q90291 Q90315 Q90319 Q90325 Q90359 Q90368 Q90376 Q90382 Q90394 Q90406 Q90408 Q90442 Q90448 Q90480 Q90484 Q90512 Q90514 Q90518 Q90520 Q90522 Q90524 Q90528 Q90530 Q90564 Q90566 Q90568 Q90570 Q90574 Q90594 Q90596 Q90598 Q90602 Q90606
16	5	Tyro	Q132367	Salmoneus	Q131896	Tyro	47	1	Q130027 Q130189 Q130560 Q130584 Q130648 Q130714 Q131228 Q131332 Q131717 Q131896 Q131902 Q132041 Q132042 Q132189 Q132251 Q132255 Q132256 Q132321 Q132367 Q132620 Q133062 Q133388 Q133389 Q133464 Q133503 Q133529 Q133534 Q133620 Q133796 Q134004 Q134175 Q134222 Q134359 Q134368 Q74934 Q74937 Q75120 Q75123 Q75153 Q75162 Q75165 Q75192 Q75195 Q90317 Q90388 Q90476 Q90478
16	5	Tyro	Q131902	Neleus	Q75123	Deimachus	44	0	Q130189 Q130584 Q130648 Q131332 Q131896 Q131902 Q132041 Q132042 Q132251 Q132367 Q74934 Q74937 Q75072 Q75120 Q75123 Q75153 Q75192 Q75195 Q90291 Q90317 Q90388 Q90408 Q90442 Q90448 Q90476 Q90478 Q90512 Q90514 Q90518 Q90520 Q90522 Q90524 Q90528 Q90530 Q90564 Q90566 Q90568 Q90570 Q90574 Q90594 Q90596 Q90598 Q90602 Q90606
17	5	Appius Claudius Caecus	Q73970	Appius Claudius Crassus Inregillensis	Q73887	Gaius Claudius Crassus Inrelligensis	16	0	Q151743 Q151792 Q151822 Q151844 Q151874 Q73782 Q73785 Q73887 Q73890 Q73970 Q74091 Q74159 Q74162 Q74213 Q78752 Q78812
17	5	Appius Claudius Caecus	Q78812	Tiberius Claudius Nero	Q78752	Publius  Claudius-Nero	16	1	Q151743 Q151792 Q151822 Q151844 Q151874 Q73782 Q73785 Q73887 Q73890 Q73970 Q74091 Q74159 Q74162 Q74213 Q78752 Q78812
17	5	Appius Claudius Caecus	Q73782	Appius Claudius Caecus	Q78812	Tiberius Claudius Nero	15	0	Q151743 Q151792 Q151822 Q151844 Q151874 Q73782 Q73887 Q73890 Q73970 Q74091 Q74159 Q74162 Q74213 Q78752 Q78812
17	5	Appius Claudius Caecus	Q73887	Gaius Claudius Crassus Inrelligensis	Q73782	Appius Claudius Caecus	15	0	Q151743 Q151792 Q151822 Q151844 Q151874 Q73782 Q73785 Q73887 Q73970 Q74091 Q74159 Q74162 Q74213 Q78752 Q78812
17	5	Appius Claudius Caecus	Q78752	Publius  Claudius-Nero	Q73970	Appius Claudius Crassus Inregillensis	7	1	Q73782 Q73785 Q73887 Q73890 Q73970 Q78752 Q78812
18	4	Morfudd ferch Tudur Fongam ap Cynwrig Fychan ap Cynwrig	Q148521	Tudur Fongam ap Cynwrig Fychan ap Cynwrig ap Llywarch	Q144542	Morfudd ferch Tudur Fongam ap Cynwrig Fychan ap Cynwrig	58	1	Q123789 Q127892 Q135824 Q136050 Q136279 Q136537 Q136540 Q136865 Q136868 Q136880 Q137270 Q137280 Q137281 Q137440 Q137824 Q137840 Q138098 Q138099 Q138634 Q138646 Q139099 Q139100 Q139936 Q139947 Q140726 Q140732 Q140807 Q141851 Q141915 Q141926 Q142040 Q142081 Q143106 Q143107 Q143115 Q143202 Q144438 Q144442 Q144446 Q144518 Q144519 Q144521 Q144542 Q144603 Q144770 Q146340 Q146348 Q146349 Q148361 Q148364 Q148365 Q148369 Q148521 Q148522 Q148594 Q148793 Q151033 Q151045
19	4	Olaf Geirstad-Alf	Q123845	Alfhild	Q118732	Olaf Geirstad-Alf	4	1	Q118732 Q123845 Q135856 Q136091
20	4	Pepin of Landen	Q111320	Begga	Q135895	Pepin of Herstal	275	0	Q109489 Q109601 Q109650 Q109832 Q110168 Q110170 Q110620 Q110624 Q110626 Q110774 Q111137 Q111139 Q111143 Q111145 Q111147 Q111255 Q111318 Q111320 Q111897 Q111901 Q111905 Q112100 Q112985 Q112987 Q113005 Q113081 Q113271 Q114961 Q114963 Q123620 Q135895 Q136016 Q137789 Q154041 Q166971 Q59483 Q59513 Q59645 Q59678 Q59707 Q59740 Q59773 Q59806 Q59836 Q59869 Q59935 Q59968 Q59997 Q60030 Q60063 Q60096 Q60129 Q60161 Q60194 Q60227 Q60261 Q60293 Q60326 Q60356 Q60386 Q60419 Q60452 Q60485 Q60518 Q60548 Q60581 Q60614 Q60647 Q60680 Q60713 Q60746 Q60779 Q60845 Q60878 Q60911 Q60944 Q60974 Q61008 Q61041 Q61074 Q61107 Q61140 Q61173 Q61202 Q61235 Q61268 Q61301 Q61334 Q61367 Q61400 Q61433 Q61466 Q61499 Q61664 Q61694 Q61727 Q61759 Q61825 Q61858 Q61990 Q62023 Q62056 Q62089 Q62123 Q62189 Q62222 Q62321 Q62351 Q62384 Q62418 Q62451 Q62484 Q62561 Q62603 Q62635 Q62668 Q62800 Q62833 Q62863 Q62896 Q63058 Q63091 Q63323 Q63356 Q63388 Q63421 Q63451 Q63550 Q63583 Q63616 Q63649 Q63912 Q63939 Q64038 Q64071 Q64202 Q64235 Q64331 Q64714 Q64747 Q65034 Q65067 Q65714 Q65747 Q65781 Q65814 Q66197 Q66227 Q66391 Q67184 Q67217 Q67250 Q67283 Q67474 Q67831 Q68845 Q68878 Q68911 Q68941 Q68974 Q69739 Q70038 Q70242 Q70292 Q70295 Q70298 Q70301 Q70304 Q70325 Q70883 Q70916 Q71840 Q71852 Q72365 Q72368 Q72552 Q73086 Q73089 Q73092 Q73095 Q75420 Q75423 Q75426 Q75429 Q75504 Q75507 Q75513 Q75519 Q75525 Q75534 Q75537 Q75546 Q75549 Q75564 Q75567 Q75582 Q75585 Q75588 Q75616 Q75619 Q75622 Q75625 Q75640 Q75643 Q75676 Q75679 Q75682 Q75685 Q75703 Q75706 Q75709 Q75712 Q75760 Q75763 Q75766 Q75769 Q75796 Q75799 Q75802 Q75805 Q75868 Q75871 Q75874 Q75904 Q75907 Q75910 Q75913 Q75916 Q75919 Q76012 Q76015 Q76021 Q76024 Q76027 Q76072 Q76075 Q76078 Q76081 Q76084 Q76207 Q76210 Q76213 Q76271 Q76274 Q76277 Q76280 Q76283 Q76286 Q76289 Q76292 Q76448 Q76451 Q76454 Q76508 Q76511 Q76514 Q76517 Q76520 Q76523 Q76741 Q76744 Q76749 Q76752 Q76755 Q76759 Q76990 Q76993 Q77002 Q77005 Q77224 Q77467 Q99314 Q99627 Q99641 Q99645
20	4	Pepin of Landen	Q135895	Pepin of Herstal	Q113081	Charles Martel	126	0	Q109479 Q109483 Q109630 Q109634 Q109646 Q109886 Q109888 Q109924 Q109954 Q110242 Q110244 Q110316 Q110322 Q110342 Q110710 Q110712 Q110760 Q110762 Q110774 Q110786 Q110788 Q111219 Q111221 Q111308 Q111318 Q111320 Q111334 Q112080 Q112082 Q112100 Q113081 Q113251 Q113253 Q113265 Q113267 Q115265 Q115267 Q135895 Q153767 Q154006 Q154011 Q154012 Q154013 Q154014 Q154016 Q154017 Q154018 Q154019 Q154020 Q154021 Q154022 Q154023 Q154024 Q154025 Q154026 Q154027 Q154029 Q154032 Q154033 Q154034 Q154035 Q154036 Q154037 Q154038 Q154039 Q154041 Q154074 Q154075 Q166046 Q166108 Q166109 Q166163 Q166164 Q166208 Q166209 Q166256 Q166302 Q166344 Q166345 Q166379 Q166416 Q166717 Q166827 Q185006 Q185007 Q185019 Q185035 Q185043 Q185044 Q185049 Q185155 Q185173 Q185395 Q185416 Q185417 Q185418 Q185419 Q185420 Q185421 Q185491 Q185493 Q185494 Q185498 Q185679 Q185695 Q185696 Q185697 Q185724 Q185734 Q186135 Q186136 Q186137 Q186138 Q186139 Q186140 Q186141 Q186142 Q186143 Q75733 Q75964 Q76147 Q76361 Q76586 Q76589 Q76822 Q76825
21	4	Pinarius	Q77782	Pinarius	Q78264	Lucius Pinarius	5	0	Q77782 Q77955 Q78108 Q78264 Q78267
21	4	Pinarius	Q78264	Lucius Pinarius	Q78108	Lucius Pinarius Scarpus	5	1	Q137708 Q77782 Q77955 Q78108 Q78264
22	4	Jehoiakim	Q4626	Zebudah	Q135406	Jehoiakim	14	0	Q135406 Q135539 Q4617 Q4618 Q4619 Q4620 Q4621 Q4622 Q4623 Q4624 Q4625 Q4626 Q60195 Q60198
23	4	Maharaja Parameswara @ Raja Iskandar Shah Paduka Sri Ratna Vira Vikrama di-Raja	Q161658	Maharaja Parameswara @ Raja Iskandar Shah Paduka Sri Ratna Vira Vikrama di-Raja	Q161777	Dewa Amas Sang Aji Kala	30	0	Q160051 Q160069 Q160070 Q160071 Q160072 Q160073 Q160084 Q160085 Q160089 Q160090 Q160091 Q160107 Q160125 Q160142 Q160160 Q160183 Q160202 Q160218 Q160237 Q160257 Q160258 Q160276 Q160294 Q160310 Q160324 Q161658 Q161777 Q161966 Q162275 Q171395
23	4	Maharaja Parameswara @ Raja Iskandar Shah Paduka Sri Ratna Vira Vikrama di-Raja	Q161777	Dewa Amas Sang Aji Kala	Q161966	Demang Lebar Daun Mangkabumi (Bendahara I)	30	0	Q160051 Q160069 Q160070 Q160071 Q160072 Q160073 Q160084 Q160085 Q160089 Q160090 Q160091 Q160107 Q160125 Q160142 Q160160 Q160183 Q160202 Q160218 Q160237 Q160257 Q160258 Q160276 Q160294 Q160310 Q160324 Q161658 Q161777 Q161966 Q162275 Q171395
23	4	Maharaja Parameswara @ Raja Iskandar Shah Paduka Sri Ratna Vira Vikrama di-Raja	Q161966	Demang Lebar Daun Mangkabumi (Bendahara I)	Q162275	Wan Sendari (Radin Ratna Cenderapuri)	30	0	Q160051 Q160069 Q160070 Q160071 Q160072 Q160073 Q160084 Q160085 Q160089 Q160090 Q160091 Q160107 Q160125 Q160142 Q160160 Q160183 Q160202 Q160218 Q160237 Q160257 Q160258 Q160276 Q160294 Q160310 Q160324 Q161658 Q161777 Q161966 Q162275 Q171395
23	4	Maharaja Parameswara @ Raja Iskandar Shah Paduka Sri Ratna Vira Vikrama di-Raja	Q162275	Wan Sendari (Radin Ratna Cenderapuri)	Q161658	Maharaja Parameswara @ Raja Iskandar Shah Paduka Sri Ratna Vira Vikrama di-Raja	4	0	Q161658 Q161777 Q161966 Q162275
24	4	Swammbhu Brambha	Q160981	Person Q160981	Q160965	Kasayap Muni	8	1	Q160928 Q160929 Q160946 Q160947 Q160948 Q160965 Q160966 Q160981
24	4	Swammbhu Brambha	Q160928	Swammbhu Brambha	Q160981	Person Q160981	7	0	Q160928 Q160946 Q160947 Q160948 Q160965 Q160966 Q160981
24	4	Swammbhu Brambha	Q160965	Kasayap Muni	Q160946	11 Rudras	7	0	Q160928 Q160929 Q160946 Q160947 Q160948 Q160965 Q160981
24	4	Swammbhu Brambha	Q160946	11 Rudras	Q160928	Swammbhu Brambha	6	0	Q160928 Q160929 Q160946 Q160965 Q160966 Q160981
25	3	Sergius Octavius Pontianus Laenes Octavius  Pontainus	Q76933	Sergius Octavius Pontainus	Q76693	Sergius Octavius Pontianus Laenes Octavius  Pontainus	4	1	Q76693 Q76933 Q77155 Q77395
26	3	Lucius Junius  Brutus	Q73518	C. Junius Junius Brutus  Brutus	Q73383	Lucius Junius  Brutus	3	1	Q73383 Q73518 Q73644
27	3	Marcus Livius Drusus	Q72798	Marcus Livius Drusus	Q73119	Marcus Livius Drusus	12	0	Q148206 Q72798 Q72951 Q72954 Q73119 Q73122 Q73125 Q73287 Q73290 Q73431 Q73437 Q73440
28	2	Esther  bat Sahlan ben Abraham	Q88454	Esther  bat Sahlan ben Abraham	Q90982	Esther  bat Yosef ben 'Amram haDayyan al-Sijilma	3	0	Q88454 Q90982 Q91024
29	2	Marcus Flaccus	Q73653	Cassus Curvus	Q73530	Marcus Flaccus	3	1	Q73530 Q73653 Q99414
29	2	Marcus Flaccus	Q73530	Marcus Flaccus	Q73653	Cassus Curvus	2	0	Q73530 Q73653
