child_qid	child_label	n_parents	parent_qids
Q28324	SITA aka Janaki aka Mythili  Rama	9	Q161263,Q161264,Q161265,Q161266,Q28332,Q51357,Q51362,Q51367,Q52288
Q73119	Marcus Livius Drusus	8	Q151476,Q72798,Q72801,Q73173,Q73284,Q78450,Q78453,Q78746
Q153494	DHRUVA Uttanapada	7	Q130322,Q153503,Q153674,Q50540,Q50544,Q50548,Q53559
Q28364	RAGHU  Dirghabahu	7	Q2327,Q28376,Q30011,Q51407,Q52328,Q52332,Q53583
Q123528	Fernando Rodríguez de Castro	6	Q104407,Q104495,Q113686,Q115832,Q118368,Q123526
Q153479	Nahusha	6	Q153490,Q153491,Q153492,Q160541,Q160797,Q2098
Q153520	DHATA	6	Q130322,Q153530,Q153713,Q2159,Q50669,Q53587
Q160905	RICHEYU \ ANADHRISHTI ANADHRISHTI	6	Q160919,Q160920,Q160921,Q160922,Q160923,Q160924
Q66011	Fatimah bint Asad	6	Q108042,Q65011,Q65061,Q65966,Q94239,Q94241
Q72786	Marcus Aemilius Lepidus	6	Q72789,Q72801,Q73011,Q73110,Q73113,Q73173
Q74701	Terra	6	Q130392,Q130498,Q130652,Q131430,Q74717,Q74720
Q153219	Maharaja Malayu II - Tribhuwanaraja (1286-1316) Placeholder surname Sang Sapurba	5	Q153224,Q48371,Q48375,Q48379,Q48383
Q153436	Suklawatidewi bint Wiryabanyu	5	Q2020,Q49923,Q49927,Q49931,Q49935
Q153447	HASTI (founder of Hastinapur) Suhotra	5	Q153453,Q153454,Q29959,Q50084,Q53530
Q160051	Maharaja Malayu II - Tribhuwanaraja (1286-1316)	5	Q160069,Q160070,Q160071,Q160072,Q160073
Q1861	Krishna	5	Q160387,Q1876,Q1877,Q49383,Q49387
Q2319	DASHARATHA	5	Q161276,Q161277,Q2322,Q51402,Q52308
Q2389	Yuvanashva II	5	Q161377,Q161378,Q29014,Q51524,Q52580
Q30804	Osteolepiformes	5	Q152957,Q30792,Q30796,Q54360,Q54364
Q3457	Miguel de Cervantes	5	Q32086,Q89759,Q91574,Q91763,Q92861
Q6421	Shaodian	5	Q51954,Q6433,Q6435,Q87840,Q87862
Q73260	Marcus Licinius Crassus Agelastus	5	Q72969,Q72972,Q72981,Q73407,Q73410
Q74698	Uranus	5	Q130392,Q131430,Q74701,Q74717,Q74720
Q76693	Sergius Octavius Pontianus Laenes Octavius  Pontainus	5	Q76930,Q76933,Q76936,Q76939,Q76945
Q78713	Ptolemy IX Lathyros	5	Q73035,Q73038,Q73197,Q78402,Q78719
Q86089	Itakayt . 	5	Q195205,Q85640,Q86065,Q86147,Q86159
Q86820	Caliph Muhammad al-Mahdi son of  Abdallah al-Mansur	5	Q86826,Q86828,Q86830,Q86832,Q86834
Q100374	Galindo Aznárez II	4	Q100068,Q100372,Q109541,Q109734
Q100427	García Fernández of Castile	4	Q100084,Q100421,Q109563,Q109784
Q100435	Urraca Fernández	4	Q100084,Q100421,Q109563,Q109784
Q100443	Toda of Pamplona	4	Q100352,Q100364,Q109355,Q109437
Q100483	Gonzalo Fernández of Castile	4	Q100120,Q100481,Q110520,Q110522
Q100912	Ava of Ribagorza	4	Q101591,Q102778,Q110422,Q110530
Q100948	Sancho II of Pamplona	4	Q100447,Q100828,Q109559,Q109770
Q100976	Dadildis of Pallars	4	Q110054,Q110056,Q113415,Q113417
Q101722	Urraca Garces	4	Q100950,Q101718,Q110074,Q110482
Q102603	Pedro Froilaz de Traba	4	Q103963,Q104027,Q125050,Q125052
Q102772	Oliba Cabreta	4	Q101589,Q102765,Q110870,Q111442
Q104007	Sancho II of León and Castile	4	Q102901,Q110956,Q110976,Q123443
Q104011	García II of Galicia	4	Q102901,Q110956,Q110976,Q123443
Q104013	Alfonso VI of León and Castile	4	Q102901,Q110956,Q110976,Q123443
Q104137	Henry of Burgundy	4	Q106776,Q106778,Q111733,Q118429
Q104620	Lope Íñiguez	4	Q102761,Q104616,Q110972,Q111585
Q106950	Manrique Perez de Lara	4	Q104246,Q104767,Q112382,Q112885
Q107026	Alphonse Jourdain	4	Q104282,Q107024,Q112428,Q112446
Q107158	Ermengol VI, Count of Urgell	4	Q104427,Q107214,Q114802,Q115822
Q108942	Muhammad al-Jawad	4	Q108796,Q108940,Q95394,Q95882
Q110072	Ramiro III of León	4	Q100340,Q100738,Q109766,Q110070
Q110984	Emma of Blois	4	Q111617,Q111619,Q205591,Q206184
Q111623	Odo I, Count of Blois	4	Q111617,Q111619,Q205591,Q206184
Q111637	Ermentrude of Roucy	4	Q112590,Q112592,Q205323,Q206654
Q111659	Clementia of Aquitaine	4	Q110994,Q111657,Q205418,Q207060
Q111909	Anicius Probus	4	Q113011,Q75504,Q75507,Q75516
Q111974	Hnabi	4	Q111205,Q113099,Q206641,Q208048
Q112246	Adalard of Paris	4	Q111432,Q111434,Q206249,Q207449
Q112352	Adelheid van Tours	4	Q113620,Q113622,Q206694,Q206862
Q112658	Agnes I, Abbess of Quedlinburg	4	Q111653,Q112656,Q205037,Q206139
Q113566	Boso of Provence	4	Q115645,Q115648,Q205578,Q205968
Q113606	Adrian, Count of Orléans	4	Q113103,Q115073,Q206669,Q207029
Q113626	Ermengarde of Tours	4	Q113620,Q113622,Q206694,Q206862
Q113732	Adela of Roucy	4	Q113716,Q113718,Q113989,Q208745
Q113874	Otto I	4	Q116255,Q116257,Q205410,Q205411
Q113906	Henry II, Duke of Bavaria	4	Q112470,Q113904,Q205599,Q205981
Q113966	Siegfried of Luxembourg	4	Q113960,Q113962,Q205984,Q208757
Q113981	Gilbert, Duke of Burgundy	4	Q115656,Q116565,Q205967,Q206593
Q113989	Beatrix de Hainaut	4	Q112488,Q113985,Q205601,Q206713
Q114020	Berengar II of Italy	4	Q116637,Q116639,Q205191,Q206967
Q114197	Geoffrey II, Count of Gâtinais	4	Q112602,Q114193,Q205255,Q206731
Q114223	Robert Guiscard	4	Q113948,Q116459,Q205221,Q205224
Q114283	Adelaide of Susa	4	Q117063,Q117065,Q206692,Q206966
Q114435	Bertha of Rheinfelden	4	Q112666,Q114305,Q205565,Q206334
Q114552	Fulk, King of Jerusalem	4	Q112699,Q114540,Q206271,Q208842
Q114708	Hugh II, Duke of Burgundy	4	Q112803,Q114213,Q118443,Q205237
Q115077	Hildegard of Vinzgouw	4	Q113103,Q115073,Q206669,Q207029
Q115514	Ermengarde of Hesbaye	4	Q118932,Q118934,Q205063,Q207022
Q115656	Ermengarde	4	Q113566,Q113568,Q115658,Q205360
Q115700	Boso, Margrave of Tuscany	4	Q119079,Q119081,Q205102,Q206068
Q115988	Amadeus III, Count of Savoy	4	Q113776,Q115984,Q205169,Q205447
Q115990	Adelaide of Maurienne	4	Q113776,Q115984,Q205169,Q205447
Q116080	Roger I of Sicily	4	Q113948,Q116459,Q205221,Q205224
Q116259	Liutgard of Saxony	4	Q116255,Q116257,Q205410,Q205411
Q116263	Hathumod	4	Q116255,Q116257,Q205410,Q205411
Q116313	Reginar II, Count of Hainaut	4	Q116311,Q120077,Q206655,Q206658
Q116461	William Iron Arm	4	Q113946,Q116459,Q205096,Q205221
Q116463	Drogo of Hauteville	4	Q113946,Q116459,Q205096,Q205221
Q116473	William of the Principate	4	Q113948,Q116459,Q205221,Q205224
Q116555	Sophie, Countess of Bar	4	Q113978,Q114253,Q205628,Q206520
Q116751	Adela of Hamaland	4	Q114105,Q116747,Q206142,Q206715
Q116765	Ardolf I of Guînes	4	Q114109,Q116763,Q205116,Q205199
Q117025	Gertrude of Brunswick	4	Q114273,Q117023,Q206768,Q206938
Q117646	Albert III of Namur	4	Q120099,Q120522,Q205615,Q205616
Q119089	Lambert, Margrave of Tuscany	4	Q119081,Q124159,Q206068,Q206795
Q120042	Louis the Child	4	Q120038,Q124165,Q205695,Q208193
Q120052	Gerberga of Lorraine	4	Q116287,Q118910,Q205368,Q206379
Q120105	Cunigunde of Swabia	4	Q118950,Q124044,Q205611,Q206757
Q120402	Boniface III, Margrave of Tuscany	4	Q124149,Q125945,Q205329,Q207812
Q120926	Joscelin I, Count of Edessa	4	Q116945,Q120612,Q205121,Q206234
Q121509	Henry the Lion	4	Q117221,Q121400,Q205296,Q206868
Q121971	Adelaide of Mochental	4	Q117455,Q117457,Q205785,Q206578
Q122303	Thierry of Lorraine, Count of Flanders	4	Q117600,Q120462,Q205966,Q207467
Q123513	Pedro Ponce de Cabrera	4	Q104451,Q105173,Q119272,Q124377
Q124235	Martim Pires da Maia	4	Q103713,Q103715,Q119179,Q124229
Q124261	Gonçalo Mendes II de Sousa	4	Q104081,Q104149,Q119197,Q124257
Q124326	Guerau V de Cabrera	4	Q101441,Q102567,Q119220,Q124325
Q126047	Adelaide of Leuven	4	Q120462,Q120862,Q206526,Q207467
Q126305	Obizzo I d’Este	4	Q120728,Q126303,Q205936,Q206648
Q129997	Nemesis	4	Q130498,Q130652,Q74717,Q74720
Q130392	Aether	4	Q130498,Q130652,Q74717,Q74720
Q130584	Epimetheus	4	Q75054,Q75225,Q90317,Q90374
Q130588	Menoetius	4	Q75054,Q75225,Q90317,Q90374
Q131430	Dies	4	Q130498,Q130652,Q74717,Q74720
Q131552	Charon	4	Q130498,Q130652,Q74717,Q74720
Q131554	Eris	4	Q130498,Q130652,Q74717,Q74720
Q131556	Hypnos	4	Q130498,Q130652,Q74717,Q74720
Q131560	Thanatos	4	Q130498,Q130652,Q74717,Q74720
Q131562	Momus	4	Q130498,Q130652,Q74717,Q74720
Q131566	Geras	4	Q130498,Q130652,Q74717,Q74720
Q131568	Oneiroi	4	Q130498,Q130652,Q74717,Q74720
Q131570	Keres	4	Q130498,Q130652,Q74717,Q74720
Q131574	Moros	4	Q130498,Q130652,Q74717,Q74720
Q131578	Epiphron	4	Q130498,Q130652,Q74717,Q74720
Q131580	Phantasos	4	Q130498,Q130652,Q74717,Q74720
Q131582	Eleos	4	Q130498,Q130652,Q74717,Q74720
Q131584	Hybris	4	Q130498,Q130652,Q74717,Q74720
Q131586	Amicitia	4	Q130498,Q130652,Q74717,Q74720
Q131588	Contentio	4	Q130498,Q130652,Q74717,Q74720
Q131590	Dumiles	4	Q130498,Q130652,Q74717,Q74720
Q131592	Epaphus	4	Q130498,Q130652,Q74717,Q74720
Q131594	Euphrosyne	4	Q130498,Q130652,Q74717,Q74720
Q132030	Vesta	4	Q132028,Q132029,Q74677,Q74680
Q135766	Perseus of Macedon	4	Q135629,Q135765,Q165331,Q165425
Q138545	Jesus Christ	4	Q137751,Q138539,Q153725,Q153726
Q139631	Lucius Aemilius Paullus	4	Q138434,Q139597,Q70949,Q70952
Q143499	Sancho III of Navarre	4	Q100950,Q101718,Q110074,Q110482
Q147881	Gisulf I of Salerno	4	Q143964,Q147879,Q206421,Q206427
Q148329	Julia Soaemias	4	Q151864,Q166158,Q166165,Q4680
Q148331	Severus Alexander	4	Q144407,Q166205,Q166247,Q4681
Q151904	Valerius Adelphius Bassus	4	Q123597,Q151879,Q75582,Q75585
Q153342	Abhimanyu	4	Q153353,Q1888,Q49424,Q49428
Q153355	Suddhodana Gautama	4	Q1910,Q1911,Q49496,Q49500
Q153356	Amita 	4	Q1910,Q1911,Q49496,Q49500
Q153423	Maharaja Tarumanagara IX - Sudawarman (628-639) Placeholder surname	4	Q153413,Q1998,Q49739,Q49827
Q153435	Maharaja Tarumanagara IV - Wisnuwarman (434-455) Placeholder surname	4	Q2019,Q49911,Q49915,Q49919
Q153492	ARUNDHATI Vasishta	4	Q153398,Q160509,Q160510,Q1954
Q153495	ILINA Tansu	4	Q153504,Q29975,Q50556,Q53546
Q153509	BUDHA (planet Mercury) Chandra	4	Q153521,Q30007,Q50629,Q53579
Q153669	Maharaja Sriwijaya XV - Sangrama-Vijayottunggawarman (1017-1030) Placeholder surname?	4	Q1761,Q1762,Q48762,Q48766
Q153670	Kancanasari bint Cucu Demunawan	4	Q153350,Q160397,Q160398,Q49411
Q160438	King Sihahanu of Shakya	4	Q160437,Q160467,Q160468,Q160469
Q160569	Maharaja Tarumanagara IX - Sudawarman (628-639)	4	Q160551,Q160552,Q160588,Q160589
Q160604	Suklawatidewi bint Wiryabanyu	4	Q160623,Q160624,Q160625,Q160626
Q160627	Maharaja Tarumanagara III - Purnawarman (395-434)	4	Q160655,Q160656,Q160657,Q160658
Q161754	Raden Ayu Retna Pembayun	4	Q161645,Q171354,Q171370,Q171504
Q169342	KRIPAcharya	4	Q160494,Q170365,Q170489,Q1944
Q169343	KRIPI	4	Q160494,Q170365,Q170489,Q1944
Q169837	BALARAMA Vasudeva	4	Q160387,Q160431,Q1877,Q49383
Q170333	Kaksreyu	4	Q160921,Q160922,Q160923,Q160924
Q170334	Vrikeyu	4	Q160921,Q160922,Q160923,Q160924
Q170335	Sthandileyu	4	Q160921,Q160922,Q160923,Q160924
Q170336	Vaneyu	4	Q160921,Q160922,Q160923,Q160924
Q170337	Jaleyu	4	Q160921,Q160922,Q160923,Q160924
Q170338	Tejeyu	4	Q160921,Q160922,Q160923,Q160924
Q170339	Satyeyu	4	Q160921,Q160922,Q160923,Q160924
Q170340	DHARMEYU Raudrasva	4	Q160921,Q160922,Q160923,Q160924
Q170341	Sannateyu	4	Q160921,Q160922,Q160923,Q160924
Q1876	Devaki	4	Q153358,Q160411,Q160412,Q49436
Q1944	Shantanu	4	Q160519,Q160520,Q1958,Q49655
Q195227	Teti do Egito	4	Q195291,Q195293,Q85780,Q85782
Q195228	Nysuteh do Egito	4	Q195291,Q195293,Q85780,Q85782
Q195366	Osorkon IV	4	Q195083,Q195339,Q195547,Q195660
Q2076	Bharata	4	Q153482,Q153483,Q160789,Q160790
Q2137	MATINARA	4	Q153525,Q29983,Q50661,Q53554
Q2359	SHRUT	4	Q28376,Q30011,Q52332,Q53583
Q2449	Peshotanu of Iran	4	Q2412,Q29096,Q52661,Q52669
Q28308	JARASANDHA  Brihadratha	4	Q28320,Q51341,Q52276,Q53518
Q28429	of Vedic period	4	Q2344,Q51442,Q51447,Q52396
Q28921	HARISHCHANDRA (Dhundumara)  Trishanku	4	Q2369,Q51475,Q51479,Q52496
Q28998	AMBARISHA  Mandhata	4	Q29002,Q29006,Q52568,Q52572
Q29108	Isfandiyar \ Spandodata \ Isfendiyar \ Spendoclata  Raja Iran	4	Q2412,Q29096,Q52661,Q52669
Q29140	kay kaus  Raja Iran	4	Q29144,Q29156,Q52709,Q52721
Q29144	kay uyarsh  Raja Iran	4	Q29148,Q29152,Q52713,Q52717
Q29425	Hittite Princess	4	Q2489,Q51850,Q51854,Q52986
Q29766	Malcolm  Mureybet	4	Q29770,Q29782,Q53342,Q53354
Q31841	Beatriz  Andrada Bocanegra	4	Q31801,Q33406,Q90225,Q92778
Q32146	Francisco  Ramirez de Arellano y Zuniga	4	Q31110,Q92384,Q92386,Q92908
Q32949	Tomas  de Baeza Polanco	4	Q31601,Q92268,Q92698,Q92710
Q32953	Juan Bautista  de Baeza Polanco	4	Q31601,Q92268,Q92698,Q92710
Q35312	Francisca  de Valdes Cervantes	4	Q33301,Q33358,Q93485,Q93500
Q39056	Leonor  de Moctezuma	4	Q38931,Q39124,Q4839,Q4872
Q40310	Maria  Ruiz de Esparza y Lopez de Elizalde	4	Q39732,Q39740,Q40306,Q40378
Q43294	Michael of Trebizond	4	Q167287,Q167321,Q40967,Q43290
Q46203	Andronikos III of Trebizond	4	Q167318,Q167322,Q43298,Q46195
Q49500	Sihahanu	4	Q49496,Q49553,Q49557,Q49561
Q49911	Purnawarman son of  Dharmayawarman	4	Q49984,Q49988,Q49992,Q49996
Q50033	Alexios I of Trebizond	4	Q167239,Q167249,Q55547,Q55551
Q50087	Alexios III of Trebizond	4	Q167342,Q167361,Q46199,Q50083
Q50254	George IV of Georgia	4	Q167215,Q167240,Q50306,Q50310
Q51822	Ptolemy XII Auletes	4	Q51818,Q78402,Q78713,Q78719
Q52320		4	Q2327,Q28376,Q30011,Q52328
Q55555	David I of Trebizond	4	Q167239,Q167249,Q55547,Q55551
Q55907	Constantine I of Georgia	4	Q167353,Q167375,Q50291,Q55604
Q59355	Theodosius	4	Q108975,Q108977,Q59420,Q59453
Q63550	Consul (203) - Gaius Fulvius Plautianus	4	Q64202,Q64235,Q64268,Q64301
Q63867	Wife of Imran  bint Rabi'ah	4	Q63873,Q64316,Q64960,Q64963
Q64924	Malik Az-Zuhri son of  Wahb	4	Q64435,Q64438,Q64900,Q64930
Q65489	Hadrian	4	Q66718,Q66751,Q66784,Q66817
Q65681	Lucius Septimius Severus	4	Q148338,Q148339,Q67118,Q67151
Q66497	Aisha	4	Q107453,Q107455,Q66245,Q67307
Q66533	Al-Harith ibn Harb	4	Q107822,Q65708,Q65831,Q95706
Q66715	Haseen son of al-Haarith	4	Q65861,Q65999,Q94403,Q95195
Q67645	Uthman ibn Affan	4	Q107848,Q66656,Q66796,Q68118
Q67687	Habibah binte Ubaydallah	4	Q66509,Q66841,Q94485,Q94852
Q69574	Umm  daughter of Marwan	4	Q67906,Q67921,Q94363,Q95213
Q69972	Octavia Sergia Plotilla	4	Q144242,Q70122,Q70152,Q70685
Q70388	Publius Aelius Marullinus	4	Q151764,Q71349,Q71382,Q99338
Q71173	Publius Servilius Vatia Isauricus	4	Q144062,Q72302,Q72305,Q72687
Q72278	Marcus Pupius Piso Frugi Calpurnianus	4	Q141610,Q72463,Q72466,Q72469
Q73026	Aurelia	4	Q73179,Q73182,Q99372,Q99374
Q73380	BAD MERGE	4	Q132823,Q73359,Q73362,Q90289
Q74677	Ops	4	Q131438,Q131440,Q74698,Q74701
Q74680	Saturn	4	Q131438,Q131440,Q74698,Q74701
Q74723	Aristomachus	4	Q134107,Q74732,Q75192,Q90476
Q74846	Anchises	4	Q74864,Q74867,Q90436,Q90508
Q74873	Canens  of Latium	4	Q74894,Q74897,Q90267,Q90269
Q74906	Callirhoe  Queen of Trojans	4	Q74934,Q74937,Q90313,Q90329
Q74918	Adrastus  King of Argos	4	Q74946,Q74949,Q90538,Q90558
Q74985	Pero  Princess of Pylos	4	Q75015,Q75018,Q90526,Q90572
Q74988	Bias  Thessaly	4	Q75021,Q75024,Q90386,Q90474
Q75009	Teucer  of Teucria	4	Q74934,Q74937,Q90313,Q90329
Q75048	Persephone EK  Mycenae	4	Q75078,Q75081,Q90486,Q90544
Q75054	Themis	4	Q74698,Q74701,Q74970,Q74973
Q75072	Alcidice	4	Q75096,Q75099,Q90566,Q90598
Q75123	Deimachus	4	Q131902,Q133062,Q75162,Q75165
Q75153	Deucalion	4	Q75192,Q75195,Q90388,Q90476
Q75192	Klymene	4	Q132255,Q74970,Q74973,Q90309
Q75195	Prometheus	4	Q75054,Q75225,Q90317,Q90374
Q75207	Callisto	4	Q75237,Q75240,Q90394,Q90480
Q75252	Lacedaemon  of Troy	4	Q74656,Q75294,Q90359,Q90382
Q75315	Niobe	4	Q75336,Q75339,Q90406,Q90484
Q75441	Hermenegildo Gutiérrez	4	Q75447,Q75450,Q99973,Q99975
Q75573	Anicius Auchenius Bassus	4	Q151955,Q154066,Q75634,Q75637
Q77269	Tiberius Plautius Silvanus Aelianus	4	Q141426,Q144088,Q77494,Q77497
Q78402		4	Q73035,Q73038,Q73194,Q78719
Q78609	Cleopatra V of Egypt	4	Q135920,Q136155,Q78713,Q78716
Q78716	Cleopatra Selene I of Egypt	4	Q73038,Q73197,Q78402,Q78719
Q78719	Cleopatra III of Egypt	4	Q73038,Q73194,Q73197,Q78402
Q78770	Philetaerus	4	Q136454,Q136455,Q78824,Q78827
Q85255	Mehetenweskhet	4	Q85265,Q85267,Q85269,Q85271
Q85356	Takelot I	4	Q195426,Q195802,Q85368,Q85370
Q85392	Karomat \ Karomama  Karomama ?Princess of Egypt	4	Q85388,Q85390,Q85402,Q85404
Q85562	Kemi 	4	Q85586,Q85588,Q85606,Q86213
Q85744	Userkaf	4	Q195154,Q195232,Q85748,Q85750
Q86577	Rab Abba Arika  bar Abba	4	Q86591,Q86593,Q91080,Q91082
Q87283	  	4	Q87295,Q87298,Q87300,Q87302
Q87460	Marquis Cheng of Cai   	4	Q57999,Q58128,Q87466,Q87468
Q89572	N.  de la Cavalleria	4	Q89373,Q89622,Q91496,Q91692
Q89616	N.  Fernandez	4	Q89399,Q91414,Q91514,Q91518
Q89618	N.  Fernandez	4	Q89399,Q91414,Q91514,Q91518
Q89629	Isabel  de la Cavalleria	4	Q89407,Q89566,Q91522,Q91654
Q90257	Aeneas  the Dardanian	4	Q130402,Q132752,Q74846,Q74849
Q90317	Clymene Asia	4	Q74698,Q74701,Q74970,Q90309
Q90333	Rhode	4	Q75039,Q75108,Q90291,Q90412
Q90388	Prometheus	4	Q75054,Q75225,Q90317,Q90374
Q90454	Demeter - - Ceres	4	Q74677,Q74680,Q90368,Q90376
Q90476	Hesione	4	Q132255,Q74970,Q74973,Q90309
Q90560	Pronax \ Promax  Promax	4	Q74946,Q74949,Q90538,Q90558
Q94227	Abu Lahab	4	Q107584,Q65008,Q65864,Q94219
Q98221		4	Q109025,Q109205,Q97564,Q98219
Q99767	Bermudo I of Asturias	4	Q110842,Q75462,Q99785,Q99787
Q99899	García Íñiguez of Pamplona	4	Q100070,Q100072,Q109722,Q109724
Q100308	Ordoño III of León	3	Q100038,Q110066,Q143493
Q100441	Sancho I of Pamplona	3	Q100976,Q100978,Q109760
Q1010	Dipnomorpha	3	Q1001,Q30783,Q54352
Q101021	Fernan	3	Q100467,Q101023,Q113501
Q101361	Alfonso V of León	3	Q100661,Q100926,Q110116
Q102377	Maria Pais de Ribeira	3	Q101329,Q114038,Q125096
Q102913	Ramon Berenguer I, Count of Barcelona	3	Q101679,Q102909,Q110544
Q102941	Ramiro I of Aragon	3	Q102939,Q111547,Q143499
Q103252	Soeiro  Bufinho	3	Q101944,Q103254,Q118555
Q104087	Sancho I of Portugal	3	Q104129,Q106750,Q118403
Q104135	Theresa of León	3	Q104013,Q111675,Q114176
Q104493	Fernando El Castellano  Ruiz	3	Q104011,Q104528,Q118247
Q104885	Sancho Ramírez	3	Q102941,Q104881,Q111549
Q106609	Sancho Alfonsez	3	Q104013,Q106607,Q112422
Q106782	Robert of Burgundy, bishop of Langres	3	Q106776,Q106778,Q111733
Q107162	Ermengol VII, Count of Urgell	3	Q104371,Q107158,Q118293
Q109832	Anastasius	3	Q110168,Q110170,Q60030
Q110508	Jimena of León	3	Q101361,Q101722,Q113385
Q110510	Odo of Gascony	3	Q107090,Q110096,Q118743
Q110512	Adelais	3	Q107090,Q110096,Q118743
Q110540	Mayor of Castile	3	Q100914,Q100936,Q110120
Q110988	Agnes of Burgundy, Duchess of Aquitaine	3	Q111605,Q111637,Q205109
Q110990	Agnes of Poitou	3	Q107090,Q110988,Q118743
Q110992	William VI, Duke of Aquitaine	3	Q107090,Q110986,Q118743
Q110994	William VII, Duke of Aquitaine	3	Q107090,Q110988,Q118743
Q110996	William VIII, Duke of Aquitaine	3	Q107090,Q110988,Q118743
Q110998	Béatrice, Countess of Melgueil	3	Q107090,Q110988,Q118743
Q111318	Pepin of Landen	3	Q112100,Q113081,Q154041
Q111639	Reginald I, Count of Burgundy	3	Q111605,Q111637,Q205109
Q111663	Hildegarde of Burgundy	3	Q112620,Q112695,Q206638
Q111669	Guillaume IX	3	Q110996,Q111663,Q205534
Q1117	Homo floresiensis (0.05)	3	Q1112,Q30868,Q54436
Q1118	Australopithecus sediba (2.0)	3	Q1112,Q30868,Q54436
Q1119	Homo rudolfensis (1.9)	3	Q1112,Q30868,Q54436
Q1120	Homo habilis (1.5)	3	Q1112,Q30868,Q54436
Q112356	Robert I of France	3	Q111497,Q112352,Q206678
Q112458	Adela of France	3	Q112356,Q112454,Q206159
Q112464	Henry I the Fowler	3	Q113874,Q113876,Q206672
Q112480	Frederick I, Duke of Upper Lorraine	3	Q113960,Q113962,Q205984
Q112502	Adalbert of Italy	3	Q114020,Q114022,Q206809
Q112562	Odo II, Count of Blois	3	Q111623,Q112558,Q207165
Q112606	William I, Count of Burgundy	3	Q111639,Q112604,Q205627
Q112711	Guillaume X	3	Q111669,Q112705,Q112707
Q112801	Hugh I, Duke of Burgundy	3	Q106776,Q111733,Q118429
Q112803	Odo I, Duke of Burgundy	3	Q106776,Q111733,Q118429
Q112805	Raynald I, abbot of Flavigny	3	Q106776,Q111733,Q118429
Q112807	Beatrice de Bourgogne	3	Q106776,Q111733,Q118429
Q113235	Drogo of Champagne	3	Q112064,Q135895,Q206906
Q113366	Maulana Ishaq	3	Q112196,Q171352,Q171423
Q113464	Drogo	3	Q115039,Q115564,Q205213
Q113572	Guilla of Provence	3	Q113566,Q113568,Q206910
Q113612	Conrad II, Duke of Transjurane Burgundy	3	Q112352,Q113628,Q205103
Q113614	Rudolph I of Burgundy	3	Q112348,Q113612,Q206035
Q113774	Callixtus II	3	Q112606,Q113646,Q205352
Q113790	Raymond of Burgundy	3	Q112606,Q113646,Q205352
Q113792	Sancha Raimúndez	3	Q106603,Q113790,Q118257
Q113794	Alfonso VII of Castile	3	Q106603,Q113790,Q118257
Q113796	Elvira Pérez de Lara	3	Q106603,Q112885,Q118257
Q113798	Fernando Pérez de Lara	3	Q106603,Q112885,Q118257
Q113800	Roger II of Sicily	3	Q116080,Q116082,Q205919
Q113878	Oda of Saxony	3	Q113874,Q113876,Q206672
Q113886	Louis IV of France	3	Q113856,Q115496,Q206256
Q113912	Adelaide of Italy	3	Q115670,Q116355,Q205409
Q113983	Adelaide of Troyes	3	Q113981,Q113982,Q205972
Q114018	Ermengarde-Gerberga of Anjou	3	Q112532,Q113576,Q114121
Q114028	Gerberga d'Ivrea	3	Q114020,Q114022,Q206809
Q114035	Louis V of France	3	Q113896,Q116315,Q205970
Q114058	Gisela of France	3	Q115496,Q116691,Q207475
Q114071	D. Sancho  Nunes de Barbosa	3	Q101335,Q102057,Q102397
Q114103	Baldwin III, Count of Flanders	3	Q112540,Q114101,Q206864
Q114129	Conrad I of Burgundy	3	Q115670,Q116355,Q205409
Q114141	Theobald III	3	Q112562,Q114139,Q205529
Q114152	Bermudo  Ordonez	3	Q101353,Q101377,Q101395
Q114211	Stephen I, Count of Burgundy	3	Q112606,Q113646,Q205352
Q114215	Clementia of Burgundy	3	Q112606,Q113646,Q205352
Q114275	Bruno II	3	Q112636,Q114269,Q206920
Q114277	Ida von Elsdorf	3	Q112636,Q114269,Q206920
Q114318	Elvira Diaz	3	Q102649,Q110560,Q111055
Q114491	Baldwin III, Count of Hainaut	3	Q117706,Q117708,Q206503
Q114511	Waleran, Duke of Lower Lorraine	3	Q117766,Q117768,Q205562
Q114730	Sikelgaita	3	Q118200,Q118202,Q206602
Q114743	Aimery II of Narbonne	3	Q112815,Q114741,Q205637
Q114744	Berenguer of Narbonne	3	Q112815,Q114741,Q205637
Q115039	Charlemagne	3	Q111318,Q115037,Q136124
Q115496	Charles the Simple	3	Q113420,Q115494,Q206502
Q115540	Hardouin de Ponthieu	3	Q113440,Q118967,Q205641
Q115552	Bernard of Italy	3	Q113462,Q115550,Q206123
Q115596	Baldwin II	3	Q113506,Q115594,Q205535
Q115598	Raoul of Flanders	3	Q113506,Q115594,Q205535
Q115600	Charles van Vlaanderen	3	Q113506,Q115594,Q205535
Q115650	Richard, Duke of Burgundy	3	Q115645,Q205578,Q205968
Q115808	Pedro Manrique de Lara	3	Q106950,Q115806,Q118603
Q115810	Aimerico Manrique de Lara	3	Q106950,Q115806,Q118603
Q115916	Arnold I of Chiny	3	Q116735,Q119414,Q205586
Q116000	Raymond V, Count of Toulouse	3	Q107026,Q115998,Q118679
Q116002	Alphonse of Toulouse	3	Q107026,Q115998,Q118679
Q116004	Faidiva of Toulouse	3	Q107026,Q115998,Q118679
Q116006	Laurence of Toulouse	3	Q107026,Q115998,Q118679
Q116030	Urraca of Portugal	3	Q104129,Q106750,Q118403
Q116032	Theresa of Portugal	3	Q104129,Q106750,Q118403
Q116038	Mafalda of Portugal	3	Q104129,Q106750,Q118403
Q116040	Sancha of Portugal I	3	Q104129,Q106750,Q118403
Q116243	Pippin	3	Q115524,Q115652,Q205540
Q116343	Henry II, Holy Roman Emperor	3	Q113906,Q114133,Q205982
Q116369	Otto I, Duke of Swabia and Bavaria	3	Q113916,Q116367,Q205512
Q116441	Odo, Count of Penthièvre	3	Q113940,Q116437,Q206041
Q116573	Reginar III, Count of Hainaut	3	Q116313,Q120079,Q207397
Q116587	Arnulf II, count of Flanders	3	Q114103,Q116745,Q206631
Q116589	Baldwin IV	3	Q113990,Q116587,Q205068
Q116805	Stephen	3	Q114141,Q116801,Q206652
Q116879	Judith of Flanders, Countess of Northumbria	3	Q114201,Q116589,Q206121
Q116891	William IV of Burgundy	3	Q114211,Q116887,Q206650
Q116893	Marguerite de Bourgogne	3	Q114211,Q116887,Q206650
Q116903	Baldwin VII, Count of Flanders	3	Q114215,Q116899,Q205344
Q117193	Judith of Bavaria, Duchess of Swabia	3	Q120830,Q121396,Q206096
Q117203	Judith of Hohenstaufen	3	Q114325,Q117193,Q117195
Q117327	Sybilla of Normandy	3	Q115966,Q119555,Q205661
Q117331	Reginald de Dunstanville, 1st Earl of Cornwall	3	Q115966,Q119555,Q205294
Q117335	Robert, 1st Earl of Gloucester	3	Q115966,Q119555,Q206950
Q117337	Fulk FitzRoy	3	Q115966,Q119553,Q205487
Q118220	Foy	3	Q115706,Q205229,Q206478
Q118394	Constans	3	Q61334,Q61367,Q62555
Q118457	Urraca  Bermudez	3	Q101447,Q104139,Q104471
Q118474	Gratian	3	Q123624,Q166660,Q73089
Q118555	Maria  Soares	3	Q101111,Q104194,Q105235
Q118743	William V, Duke of Aquitaine	3	Q110982,Q110984,Q205619
Q118847	N.N.	3	Q104319,Q104407,Q104495
Q118858	Nyi Ageng Ngerang III	3	Q115450,Q118854,Q162170
Q118869	Estefania  Ermengol de Urgell	3	Q104427,Q107214,Q118867
Q118871	Pedro  de Urgel	3	Q104427,Q107214,Q118867
Q118873	Teresa d'Urgell, Comtessa consort de Cerdanya	3	Q104427,Q107214,Q118867
Q118875	Dona Maria  de Armengol	3	Q104427,Q107214,Q118867
Q118938	Carloman of Bavaria	3	Q115520,Q115754,Q205527
Q118944	Charles the Fat	3	Q115520,Q115754,Q205527
Q119489	Arduin of Ivrea	3	Q124771,Q206985,Q208265
Q119996	Hugh II, Count of Maine	3	Q116231,Q125490,Q208594
Q120287	Richard of Salerno	3	Q116473,Q120285,Q206929
Q120406	Matilda of Tuscany	3	Q116559,Q120402,Q206722
Q120508	Anscar of Ivrea	3	Q126091,Q205189,Q208672
Q120830	Henry IX, Duke of Bavaria	3	Q116879,Q120824,Q205100
Q120834	Skuli Tostisson Kongsfostre	3	Q116879,Q120822,Q206027
Q121197	Ida of Lorraine	3	Q120404,Q125949,Q206767
Q121398	Welf VI, Margrave of Tuscany	3	Q120830,Q121396,Q206096
Q121586	Manfred II of Saluzzo	3	Q126807,Q205436,Q206231
Q123355	Guaimar III of Salerno	3	Q143444,Q205389,Q208230
Q123357	Gaitelgrima di Benevento	3	Q143446,Q205110,Q205501
Q123379	Ingegerd Knutsdotter of Denmark	3	Q118212,Q123257,Q206831
Q123509	Gomes Pais da Silva	3	Q100850,Q101451,Q103215
Q123556	Constantina	3	Q61334,Q61367,Q62555
Q123558	Helena	3	Q61334,Q61367,Q62555
Q123560	Constantius II	3	Q61334,Q61367,Q62555
Q123562	Constantine II	3	Q61334,Q61367,Q62555
Q123564	Crispus	3	Q136512,Q61367,Q62555
Q123632	Constantia	3	Q123560,Q136835,Q61041
Q123964	Ki Ageng Panjawi	3	Q118858,Q123962,Q162889
Q124163	Vertha of Provence	3	Q119085,Q205923,Q206702
Q124265	Urraca Mendes de Sousa	3	Q104149,Q119197,Q124257
Q124267	Garcia Mendes II de Sousa	3	Q104149,Q119197,Q124257
Q124269	Rodrigo Mendes de Sousa	3	Q104149,Q119197,Q124257
Q124281	Martim Viegas de Ataíde	3	Q101189,Q119203,Q124279
Q125110	Ponço Afonso de Baião	3	Q103325,Q119706,Q125106
Q125138	João Afonso Telo de Meneses	3	Q106710,Q118363,Q119720
Q125140	Afonso Telo de Meneses	3	Q106710,Q118363,Q119720
Q129331	Kemuel	3	Q4675,Q4676,Q60372
Q129333	Uz	3	Q4675,Q4676,Q60372
Q129335	Buz	3	Q4675,Q4676,Q60372
Q129337	Chesed	3	Q4675,Q4676,Q60372
Q129339	Hazo	3	Q4675,Q4676,Q60372
Q129341	Pildash	3	Q4675,Q4676,Q60372
Q129345	Jidlaph	3	Q4675,Q4676,Q60372
Q130001	Georg Friedrich of Hohenlohe-Neuenstein-Weikersheim	3	Q74970,Q74973,Q90309
Q130003	Europa	3	Q74970,Q74973,Q90309
Q130005	Amphitrite	3	Q74970,Q74973,Q90309
Q130007	Metis	3	Q74970,Q74973,Q90309
Q130009	Tyche	3	Q74970,Q74973,Q90309
Q130011	Philyra	3	Q74970,Q74973,Q90309
Q130013	Aethra	3	Q74970,Q74973,Q90309
Q130015	Pleione	3	Q74970,Q74973,Q90309
Q130017	Styx	3	Q74970,Q74973,Q90309
Q130019	Asia	3	Q74970,Q74973,Q90309
Q130021	Chryseis	3	Q74970,Q74973,Q90309
Q130023	Peitho	3	Q74970,Q74973,Q90309
Q130025	Rhodos	3	Q74970,Q74973,Q90309
Q130027	Plouto	3	Q74970,Q74973,Q90309
Q130029	Doris	3	Q74970,Q74973,Q90309
Q130031	Clytie	3	Q74970,Q74973,Q90309
Q130033	Callirhoe	3	Q74970,Q74973,Q90309
Q130035	Enipeus	3	Q74970,Q74973,Q90309
Q130037	Lysithea	3	Q74970,Q74973,Q90309
Q130039	Telesto	3	Q74970,Q74973,Q90309
Q130041	Eidyia	3	Q74970,Q74973,Q90309
Q130043	Periboea	3	Q74970,Q74973,Q90309
Q130045	Acaste	3	Q74970,Q74973,Q90309
Q130047	Bolbe	3	Q74970,Q74973,Q90309
Q130049	Ceto	3	Q74970,Q74973,Q90309
Q130051	Zeuxo	3	Q74970,Q74973,Q90309
Q130053	Admete	3	Q74970,Q74973,Q90309
Q130055	Eurynome	3	Q74970,Q74973,Q90309
Q130065	Alpheus	3	Q74970,Q74973,Q90309
Q130067	Scamander	3	Q74970,Q74973,Q90309
Q130069	Sangarius	3	Q74970,Q74973,Q90309
Q130071	Peneus	3	Q74970,Q74973,Q90309
Q130073	Cebren	3	Q74970,Q74973,Q90309
Q130075	Meander	3	Q74970,Q74973,Q90309
Q130077	Simoeis	3	Q74970,Q74973,Q90309
Q130079	Spercheus	3	Q74970,Q74973,Q90309
Q130081	Strymon	3	Q74970,Q74973,Q90309
Q130083	Asterion	3	Q74970,Q74973,Q90309
Q130085	Axius	3	Q74970,Q74973,Q90309
Q130091	Dione	3	Q74970,Q74973,Q90309
Q130093	Capheira	3	Q74970,Q74973,Q90309
Q130095	Ianthe	3	Q74970,Q74973,Q90309
Q130097	Electra	3	Q74970,Q74973,Q90309
Q130099	Argeia	3	Q74970,Q74973,Q90309
Q130101	Crinisus	3	Q74970,Q74973,Q90309
Q130103	Eridanos	3	Q74970,Q74973,Q90309
Q130105	Asopus	3	Q74970,Q74973,Q90309
Q130107	Aeas	3	Q74970,Q74973,Q90309
Q130109	Ardescus	3	Q74970,Q74973,Q90309
Q130111	Aegaeus	3	Q74970,Q74973,Q90309
Q130113	Aesar	3	Q74970,Q74973,Q90309
Q130115	Aesepus	3	Q74970,Q74973,Q90309
Q130119	Istrus	3	Q74970,Q74973,Q90309
Q130121	Asterope	3	Q74970,Q74973,Q90309
Q130123	Caicus	3	Q74970,Q74973,Q90309
Q130125	Daeira	3	Q74970,Q74973,Q90309
Q130127	Caanthus	3	Q74970,Q74973,Q90309
Q130129	Zeuxippe	3	Q74970,Q74973,Q90309
Q130131	Creusa	3	Q74701,Q74973,Q90309
Q130133	Termessus	3	Q74970,Q74973,Q90309
Q130135	Symaithos	3	Q74970,Q74973,Q90309
Q130137	Phyllis	3	Q74970,Q74973,Q90309
Q130139	Kydnos	3	Q74970,Q74973,Q90309
Q130141	Cladeus	3	Q74970,Q74973,Q90309
Q130143	Chremetes	3	Q74970,Q74973,Q90309
Q130145	Clitumnus	3	Q74970,Q74973,Q90309
Q130149	Caystrus	3	Q74970,Q74973,Q90309
Q130151	Ismenus	3	Q74970,Q74973,Q90309
Q130153	Hermus	3	Q74970,Q74973,Q90309
Q130155	Hydaspes	3	Q74970,Q74973,Q90309
Q130157	Hebrus	3	Q74970,Q74973,Q90309
Q130161	Granicus	3	Q74970,Q74973,Q90309
Q130163	Borysthenes	3	Q74970,Q74973,Q90309
Q130165	Baphyras	3	Q74970,Q74973,Q90309
Q130167	Brychon	3	Q74970,Q74973,Q90309
Q130169	Elisson	3	Q74970,Q74973,Q90309
Q130171	Erasinos	3	Q74970,Q74973,Q90309
Q130173	Ascanius	3	Q74970,Q74973,Q90309
Q130175	Apidanus	3	Q74970,Q74973,Q90309
Q130177	Anaurus	3	Q74970,Q74973,Q90309
Q130179	Anigrus	3	Q74970,Q74973,Q90309
Q130181	Anapos	3	Q74970,Q74973,Q90309
Q130183	Amnisus	3	Q74970,Q74973,Q90309
Q130203	Klytia	3	Q74970,Q74973,Q90309
Q130207	Phasis	3	Q74970,Q74973,Q90309
Q130209	Ocyrhoe	3	Q74970,Q74973,Q90309
Q130217	Almo	3	Q74970,Q74973,Q90309
Q130219	Galaxaura	3	Q74970,Q74973,Q90309
Q130221	Hippo	3	Q74970,Q74973,Q90309
Q130229	Coryphe	3	Q74970,Q74973,Q90309
Q130231	Dmia	3	Q130562,Q74973,Q90309
Q130233	Dodone	3	Q74970,Q74973,Q90309
Q130239	Evagore	3	Q74970,Q74973,Q90309
Q130241	Eudore	3	Q74970,Q74973,Q90309
Q130243	Evenus	3	Q74970,Q74973,Q90309
Q130245	Euphrates	3	Q74970,Q74973,Q90309
Q130247	Ganges	3	Q74970,Q74973,Q90309
Q130249	Pactolus	3	Q74970,Q74973,Q90309
Q130251	Okeanid	3	Q74970,Q74973,Q90309
Q130253	Cerceis	3	Q74970,Q74973,Q90309
Q130255	Amphiro	3	Q74970,Q74973,Q90309
Q130256	Plexaure	3	Q74970,Q74973,Q90309
Q130258	Thrace	3	Q130996,Q74973,Q90309
Q130260	Pasithoe	3	Q74970,Q74973,Q90309
Q130262	Thoe	3	Q74970,Q74973,Q90309
Q130264	Ianire	3	Q74970,Q74973,Q90309
Q130266	Argie	3	Q74970,Q74973,Q90309
Q130268	Xanthe	3	Q74970,Q74973,Q90309
Q130270	Menestho	3	Q74970,Q74973,Q90309
Q130272	Melobosis	3	Q74970,Q74973,Q90309
Q130284	Potamoi	3	Q74970,Q74973,Q90309
Q130286	Camarina	3	Q74970,Q74973,Q90309
Q130288	Kleio	3	Q74970,Q74973,Q90309
Q130290	Kretheis	3	Q74970,Q74973,Q90309
Q130292	Kytheros	3	Q74970,Q74973,Q90309
Q130294	Pleistos	3	Q74970,Q74973,Q90309
Q130296	Ilissos	3	Q74970,Q74973,Q90309
Q130322	unknown	3	Q1952,Q2151,Q2152
Q130472	Lyssa	3	Q130498,Q74698,Q74720
Q130538	Dolos	3	Q130392,Q130498,Q74720
Q130572	Ceres	3	Q132028,Q74677,Q74680
Q130582	Atlas	3	Q130019,Q75225,Q90374
Q130606	Horae	3	Q74656,Q75054,Q90317
Q130608	Hesperides	3	Q130498,Q74656,Q74720
Q130610	Adrasteia	3	Q74656,Q75054,Q90317
Q130612	Eirene	3	Q74656,Q75054,Q90317
Q130614	Dike	3	Q74656,Q75054,Q90317
Q130616	Eunomia	3	Q74656,Q75054,Q90317
Q130618	Astraea	3	Q74656,Q75054,Q90317
Q130620	Clotho	3	Q130498,Q74656,Q74720
Q130622	Lachesis	3	Q130498,Q74656,Q74720
Q130624	Atropos	3	Q130498,Q74656,Q74720
Q130626	Themides	3	Q74656,Q75054,Q90317
Q130628	Dysis	3	Q74656,Q75054,Q90317
Q130630	Auxo	3	Q74656,Q75054,Q90317
Q130632	Thallo	3	Q74656,Q75054,Q90317
Q130634	Arctus	3	Q74656,Q75054,Q90317
Q130636	Carpo	3	Q74656,Q75054,Q90317
Q130638	Acme	3	Q74656,Q75054,Q90317
Q130640	Phaethon	3	Q130598,Q75192,Q90476
Q130642	Aegiale	3	Q130598,Q75192,Q90476
Q130646	Dioxippe	3	Q130598,Q75192,Q90476
Q130648	Hellen	3	Q132042,Q75153,Q90478
Q130650	Helia	3	Q130598,Q75192,Q90476
Q130970	Astris	3	Q130598,Q75192,Q90476
Q131432	Thalassa	3	Q130392,Q74701,Q74720
Q131434	Aura	3	Q132070,Q74701,Q74720
Q131596	Hesperis	3	Q130498,Q130590,Q74720
Q131713	Artemis	3	Q131510,Q131516,Q74656
Q132047	Chimaereus	3	Q130710,Q75195,Q90388
Q132048	Lycus	3	Q130710,Q75195,Q90388
Q132057	Merope	3	Q130598,Q75192,Q90476
Q132064	Aetheria	3	Q130598,Q75192,Q90476
Q132098	Amphictyon	3	Q132042,Q75153,Q90478
Q132099	Orestheus	3	Q132042,Q75153,Q90478
Q132100	Thyia	3	Q132042,Q75153,Q90478
Q132101	Melantho daughter of Deucalion	3	Q132042,Q75153,Q90478
Q132102	Protogeneia	3	Q132042,Q75153,Q90478
Q132103	Haemone	3	Q132042,Q75153,Q90478
Q132104	Candybus	3	Q132042,Q75153,Q90478
Q132105	Pandora	3	Q132042,Q75153,Q90478
Q132107	Fraus	3	Q130652,Q132106,Q74717
Q132108	Somnus	3	Q130652,Q132106,Q74717
Q132139	Penelope	3	Q133344,Q73380,Q90277
Q132271	Cleopatra	3	Q131028,Q132255,Q74973
Q132272	Autonoe	3	Q131028,Q132255,Q74973
Q132273	Eurydice	3	Q131028,Q132255,Q74973
Q132274	Euippe	3	Q131028,Q132255,Q74973
Q132275	Bryce	3	Q131028,Q132255,Q74973
Q132276	Antheleia	3	Q131028,Q132255,Q74973
Q132277	Stygne	3	Q131028,Q132255,Q74973
Q132278	Theano	3	Q131028,Q132255,Q74973
Q132279	Electra	3	Q131028,Q132255,Q74973
Q132280	Glaucippe	3	Q131028,Q132255,Q74973
Q132281	Cleodore	3	Q131028,Q132255,Q74973
Q132282	Erato	3	Q131028,Q132255,Q74973
Q132731	Janus	3	Q132028,Q134028,Q74680
Q132786	Phobetor	3	Q130498,Q131556,Q74720
Q133104	Amymone	3	Q132255,Q133463,Q74973
Q133168	Celaeno	3	Q132255,Q133468,Q74973
Q133254	Hymnus	3	Q132028,Q134028,Q74680
Q133255	Felix	3	Q132028,Q134028,Q74680
Q133256	Faustus	3	Q132028,Q134028,Q74680
Q133346	Thoon	3	Q133344,Q134310,Q73380
Q133471	Automate	3	Q132255,Q133463,Q74973
Q133472	Cleopatra	3	Q132255,Q133467,Q74973
Q133473	Gorgophone	3	Q132255,Q133464,Q74973
Q133474	Chrysippe	3	Q132255,Q133465,Q74973
Q133475	Adiante	3	Q132255,Q133470,Q74973
Q133476	Clite	3	Q132255,Q133465,Q74973
Q133477	Sthenele	3	Q132255,Q133465,Q74973
Q133478	Hyperippe	3	Q132255,Q133468,Q74973
Q133479	Phartis	3	Q132255,Q133469,Q74973
Q133480	Callidice	3	Q132255,Q133468,Q74973
Q133481	Oeme	3	Q132255,Q133468,Q74973
Q133482	Scaea	3	Q132255,Q133463,Q74973
Q133483	Dioxippe	3	Q132255,Q133462,Q74973
Q133484	Actaea	3	Q132255,Q133462,Q74973
Q133485	Podarce	3	Q132255,Q133462,Q74973
Q133486	Pylarge	3	Q132255,Q133462,Q74973
Q133487	Adite	3	Q132255,Q133462,Q74973
Q133488	Ocypete	3	Q132255,Q133462,Q74973
Q133489	Hippodamia	3	Q132255,Q133467,Q74973
Q133490	Gorge	3	Q132255,Q133467,Q74973
Q133491	Iphimedusa	3	Q132255,Q133467,Q74973
Q133492	Pirene	3	Q132255,Q133469,Q74973
Q133493	Glauce	3	Q132255,Q133467,Q74973
Q133494	Rhodia	3	Q132255,Q133467,Q74973
Q133495	Rhode	3	Q132255,Q133467,Q74973
Q133496	Dorion	3	Q132255,Q133469,Q74973
Q133497	Nelo	3	Q132255,Q133469,Q74973
Q133498	Mnestra	3	Q132255,Q133469,Q74973
Q133499	Evippe	3	Q132255,Q133469,Q74973
Q133500	Agave	3	Q132255,Q133463,Q74973
Q133501	Hippomedusa	3	Q132255,Q133467,Q74973
Q133502	Asteria	3	Q132255,Q133467,Q74973
Q133503	Hypermnestra	3	Q132255,Q133464,Q74973
Q133504	Anaxibie	3	Q132255,Q133469,Q74973
Q133506	Hippodice	3	Q132255,Q133470,Q74973
Q134219	Hippasus	3	Q74937,Q90329,Q90414
Q134311	Thoas	3	Q133344,Q73380,Q90277
Q134312	Perileos	3	Q133344,Q73380,Q90277
Q134314	Amasichus	3	Q133344,Q134310,Q73380
Q134315	Phalereus	3	Q133344,Q134310,Q73380
Q134316	Pheremmelias	3	Q133344,Q134310,Q73380
Q134317	Alyzeus	3	Q133344,Q133345,Q73380
Q134318	Damasippus	3	Q133344,Q73380,Q90277
Q134319	Imeusimos	3	Q133344,Q73380,Q90277
Q134320	Aletes	3	Q133344,Q73380,Q90277
Q134321	Leucadius	3	Q133344,Q133345,Q73380
Q135184	Manasseh of Judah	3	Q38070,Q4633,Q60243
Q135223	Alexander the Great	3	Q135177,Q135218,Q165964
Q135225	Cleopatra of Macedon	3	Q135177,Q135218,Q165964
Q135294	Darius I of Persia	3	Q135293,Q74296,Q74299
Q135406	Jehoiakim	3	Q135301,Q4626,Q60222
Q135409	Johanan	3	Q135301,Q4626,Q60222
Q135432	Leonidas I	3	Q135318,Q167003,Q167021
Q135539	Jeconiah	3	Q135406,Q4618,Q60198
Q135746	Agathoclea	3	Q135600,Q135745,Q29939
Q135918	Ptolemy Apion	3	Q136154,Q73038,Q73197
Q136139	Harmonia	3	Q135908,Q165788,Q165853
Q136824	Constantius Gallus	3	Q61235,Q61301,Q99314
Q136825	daughter of Julius Constantius	3	Q61235,Q61301,Q99314
Q136827	Julian	3	Q136823,Q61301,Q99314
Q137592	Pepin, Count of Vermandois	3	Q115552,Q118973,Q205174
Q137731	Artabanus II	3	Q137174,Q137727,Q29360
Q141666	Pheroras	3	Q78348,Q78351,Q99725
Q141667	Phasael	3	Q78348,Q78351,Q99725
Q141668	Salome I	3	Q78348,Q78351,Q99725
Q141768	Lucius Plautius Lamia Silvanus	3	Q144370,Q76666,Q76669
Q143493	Ramiro II of León	3	Q75438,Q99895,Q99907
Q143971	Theodora II of Tusculum	3	Q143969,Q143970,Q205798
Q144247	Octavia Sergia Plautilla	3	Q144242,Q70122,Q70685
Q146960	Nuño Pérez de Lara	3	Q104246,Q104767,Q112885
Q147893	Crescentius the Elder	3	Q143971,Q147889,Q207193
Q148330	Aurelia Antonina	3	Q148328,Q151863,Q166259
Q152902	Seizapter the sixteen-gilled	3	Q2782,Q30614,Q54184
Q152945	Onka Onychodontidae	3	Q152944,Q30767,Q54336
Q152973	Adam Y Chromosomal Adam	3	Q105575574,Q1131,Q30876
Q153203	Rajasawardhana Sang Sinagara Placeholder surname	3	Q153206,Q1665,Q48227
Q153214	Adwayawarman \ Adwaya Brahman (Rakyan Maha menteri Singosari) Adwaya Brahman (Rakyan Maha menteri Singosari) Adwaya Brahman (Rakyan Maha menteri Singosari)	3	Q153218,Q48315,Q48319
Q153215	Puti Reno Marak \ Dara Jingga [EM] . . . . . . . Dara Jingga [EM]	3	Q153219,Q48323,Q48331
Q153217	Dyah Wiyat Wijaya	3	Q1683,Q1684,Q48279
Q153218	Ranggawuni Singsari Placeholder surname	3	Q1699,Q48347,Q48367
Q153226	Maharaja Sriwijaya Sanggarama Placeholder surname	3	Q153231,Q48464,Q48468
Q153249	Resi Getayu, Purwotjarito III Placeholder surname	3	Q1745,Q48650,Q48654
Q153354	Mahamaya Gautama	3	Q1908,Q49488,Q49492
Q153359	Shurasena Arjuna	3	Q153373,Q160445,Q49508
Q153368	PANDU	3	Q153382,Q49537,Q49541
Q153373	Kartavirya ARJUNA (Yadavas)	3	Q153384,Q160474,Q49566
Q153384	Krtavirya Dhanaka	3	Q153395,Q160500,Q49614
Q153390	DAKSHA (reborn as DAKSHA) Prachetas	3	Q1955,Q49634,Q49638
Q153392	SATYAVATI (twin) Matsyagandhi Uparichara	3	Q153399,Q49646,Q49650
Q153395	Dhanaka Bhadrasena	3	Q153401,Q160524,Q49663
Q153401	BHADRASENA MAHISMAN	3	Q153412,Q160550,Q49735
Q153428	Maharaja Tarumanagara V - Indrawarman (455-515) Placeholder surname	3	Q153435,Q153436,Q49863
Q153443	ANGA Ulmukha	3	Q2034,Q50064,Q50068
Q153469	Yadu-Yadav	3	Q153472,Q153473,Q160753
Q153473	YAYATI Nahusha	3	Q153479,Q153480,Q160774
Q153480	VIRAJA Nahusha	3	Q153492,Q50076,Q50080
Q153485	BRIHADASVA of Kosala Placeholder surname	3	Q2623,Q29951,Q53522
Q153578	SHIGRASVA of Kosala Placeholder surname	3	Q2628,Q29971,Q53542
Q160004	Rajasawardhana Sang Sinagara	3	Q160008,Q160009,Q160010
Q160029	Gayatri Rajapatni	3	Q160042,Q160043,Q160044
Q160031	Adwayawarman \ Adwaya Brahman (Rakyan Maha menteri Singosari) Adwaya Brahman (Rakyan Maha menteri Sin	3	Q160047,Q160048,Q160049
Q160032	Puti Reno Marak \ Dara Jingga [EM] Dara Jingga [EM]	3	Q160050,Q160051,Q160052
Q160045	Dyah Lembu Tal (Singhamurti)	3	Q160063,Q160064,Q160065
Q160082	Raja Kediri X - Mahesa Wong Ateleng (1222-1230)	3	Q160100,Q160101,Q160102
Q160099	Tunggul Ametung	3	Q160113,Q160114,Q160115
Q160404	ARJUNA Partha Pandava	3	Q160432,Q160433,Q160434
Q160433	KUNTI aka PREETHA Pandu	3	Q153359,Q160461,Q49440
Q160434	PANDU Kuru	3	Q160462,Q160463,Q160464
Q160494	SATYAVATI Matsyagandhi	3	Q160516,Q160517,Q160518
Q160586	Maharaja Tarumanagara V - Indrawarman (455-515)	3	Q160604,Q160605,Q160606
Q160605	Maharaja Tarumanagara IV - Wisnuwarman (434-455)	3	Q160627,Q160628,Q160629
Q1607	Gerreiformes (mojarras)	3	Q153148,Q62693,Q6354
Q160765	PUSHPARNAN	3	Q160786,Q160787,Q160788
Q160897	PRASUTI Manu	3	Q160534,Q160535,Q160912
Q160928	Swammbhu Brambha	3	Q160946,Q160947,Q160948
Q161249	JARASANDHA Brihadratha	3	Q161254,Q161255,Q161256
Q161280	RAGHU Dirghabahu	3	Q161283,Q161284,Q161285
Q161536	Raden Joko Kahiman \ Adipati Warga Utama II (1582-1583) \ ADIPATI MARAPAT [Versi 1 ARI] Adipati Warga Utama II (1582-1583)	3	Q161478,Q162262,Q171463
Q161566	PRABU HAYAM WURUK ( MAJAPAHIT RAJASA )	3	Q161506,Q161743,Q171326
Q161567	Dewi Wukut	3	Q161506,Q161743,Q171326
Q161568	Dewi Sitisari	3	Q161506,Q161743,Q171326
Q161569	Dewi Subasiti	3	Q161506,Q161743,Q171326
Q161572	DARA PETAK \ DARA PETHAK \ INDRESWARI ( SRI TINUHENG PURA ) DARA PETHAK	3	Q160051,Q160052,Q171395
Q161658	Maharaja Parameswara @ Raja Iskandar Shah Paduka Sri Ratna Vira Vikrama di-Raja	3	Q160051,Q162275,Q171395
Q162252	Abdul Qodir Abdul Rahim (Aria Teja-Bupati Tuban)	3	Q113366,Q161949,Q171562
Q162256	Syarifah Siti Musallimah .	3	Q113366,Q161949,Q171562
Q162346	Pangeran Tanpa Nangkil bin RM Kadawung	3	Q162029,Q162960,Q163603
Q162352	PA. Pringgoloyo I ? (Raden Mas Djulig)	3	Q162029,Q162960,Q163603
Q162368	RM. Prabu Singajiwa Kusumah (Cipajaran Tamanjaya Gobras Cibeureum)	3	Q162051,Q163000,Q163426
Q162465	Nyi Ageng Selo II\ Nyi Bicak (Rara Kinasih) Nyi Bicak	3	Q162167,Q162169,Q162192
Q162492	Ki Ageng Ngenis (Bagus Anis)	3	Q162191,Q162193,Q162465
Q162527	Pnbh Ratu-1 Pgr. Emas \ Sultan Hadji (Sultan Cirebon-2) Sultan Hadji (Sultan Cirebon-2)	3	Q162218,Q162420,Q163093
Q162529	Pangeran Manis	3	Q162218,Q163093,Q163095
Q165069	Berenice Baktriai	3	Q165067,Q165068,Q165078
Q165397	Ptolemy Memphites	3	Q73038,Q73194,Q73197
Q165399	Ptolemy Apion King of Cyrene	3	Q136154,Q73038,Q73197
Q165403	Ptolemy X Alexander I (107-88 BC)	3	Q73038,Q73197,Q78719
Q165405	N.N.	3	Q73038,Q73197,Q78719
Q165406	Laodice .	3	Q73038,Q73197,Q78719
Q165408	Ptolemy Lathyrus Alexander Lagid .	3	Q73038,Q73197,Q78719
Q165409	Menneus .	3	Q73038,Q73197,Q78719
Q166466	Aquilin De Lyon	3	Q154036,Q166406,Q166465
Q1676	Tribhuwana Wijayatunggadewi	3	Q1683,Q1684,Q48279
Q168	Dikar	3	Q149,Q165,Q169
Q168299	Cornelia Corner	3	Q168077,Q168079,Q168294
Q169531	BHIMA Vayuputra	3	Q160433,Q160434,Q169533
Q169532	YUDHISHTIRA Dharmaputra	3	Q160433,Q160434,Q160673
Q169601	NAKULA (twin) Asviniputra	3	Q160434,Q169295,Q169600
Q169602	SAHADEVA (twin) Asviniputra	3	Q160434,Q169295,Q169600
Q169648	DHRITARASHTRA	3	Q160463,Q160464,Q169647
Q169733	Sunaka	3	Q169456,Q169732,Q169734
Q170135	MARUTI \ HANUMAN HANUMAN	3	Q169722,Q170134,Q170136
Q170352	SHATRUGHNA (twin) Dasharatha	3	Q170564,Q170565,Q2319
Q170364	MAKARDHWAJA	3	Q170135,Q170363,Q170487
Q170563	SANTHA Rushyashringa	3	Q171069,Q2319,Q51372
Q1713	Tunggul Ametung	3	Q153236,Q153237,Q48501
Q171350	Bong Tak Keng (King of Kauthara Champa)	3	Q171417,Q171418,Q171419
Q1815	Balaputra	3	Q153306,Q160331,Q160332
Q1877	Vasudeva	3	Q153359,Q170603,Q49440
Q1893	Suppabuddha	3	Q1908,Q49488,Q49492
Q1952	Creator BRAHMA	3	Q153405,Q49687,Q49691
Q195277	Semerkhet	3	Q195216,Q195217,Q195219
Q208301	Ruthilde	3	Q114141,Q206162,Q208861
Q2227	Susandhi, King of Kosala	3	Q2627,Q29967,Q53538
Q2335	Anshuman	3	Q28416,Q51422,Q52372
Q2349	SINDHU DWEEP	3	Q28477,Q51462,Q52432
Q2384	TRASADASYU 1	3	Q28994,Q51512,Q52560
Q2408	North Indo European languages	3	Q2380,Q51516,Q52540
Q2412	Pouru Chishti Kayan	3	Q29136,Q51572,Q52701
Q2419	South Indo European Languages	3	Q2380,Q51516,Q52540
Q2427	Tocharian languages	3	Q2380,Q51516,Q52540
Q2494	Mursili II	3	Q2497,Q51890,Q53018
Q2498	Arnuwanda II	3	Q2497,Q51890,Q53018
Q2506	Muwatti	3	Q2497,Q51906,Q53018
Q2514	Asmu-nikal	3	Q29517,Q51930,Q53090
Q2516	Arnuwanda I	3	Q29517,Q51930,Q53090
Q275	Orthopter	3	Q152934,Q30727,Q54296
Q276	Dictyoptera	3	Q152935,Q30731,Q54300
Q28276	NABHA  Nala	3	Q161239,Q28292,Q51326
Q28300	SAHADEVA of Magadha  Jarasandha	3	Q28308,Q51331,Q52264
Q28332	King of Mithila	3	Q28344,Q51387,Q52300
Q28388	DILIPA 1  Anshuman	3	Q2335,Q51417,Q52360
Q28416	ASAMANJA  Sagara	3	Q28429,Q51427,Q52384
Q28425	SAUDAS (MITRASAH)  SUDAAS	3	Q2343,Q51437,Q52392
Q28913	ROHITASHVA (Yuvanashva)	3	Q28921,Q51471,Q52488
Q29002	MANDHATA of Ikshvaku Dynasty	3	Q2389,Q51520,Q52576
Q29014	Prasenajit 1  Ikshvaku	3	Q2391,Q51532,Q52584
Q29136	Zoroaster	3	Q29184,Q51580,Q52749
Q29212	Arej  Darshane	3	Q2440,Q51588,Q52780
Q29453	of the Hittites	3	Q2497,Q51890,Q53018
Q29457	of the Hittites	3	Q2497,Q51890,Q53018
Q29461	Zannanza, King of the Hittites	3	Q2497,Q51890,Q53018
Q29473	? Ulmi-Teshub \ Teszub (Niewolnica Teszuba)  Teszub (Niewolnica Teszuba)	3	Q2495,Q51878,Q53010
Q29529	Princess of the Hittites	3	Q2521,Q51946,Q53113
Q29533	of KHATTI (1465-1420bc)	3	Q29525,Q51930,Q53097
Q29646	Bhagiratha  Solar Dynasty	3	Q28388,Q51412,Q52344
Q30011	BHAGIRATHA  son of Dilipa	3	Q28388,Q51412,Q52344
Q30743	Polyneoptera	3	Q152935,Q30735,Q54304
Q30775	Latimeria	3	Q152954,Q30771,Q54340
Q30779	Diplocercides	3	Q152954,Q30771,Q54340
Q31010	Diego  de Cervantes	3	Q89995,Q91765,Q92006
Q31014	Maria  de Saavedra Cervantes	3	Q89995,Q91765,Q92006
Q31018	Juana  de Avellaneda	3	Q89995,Q91765,Q92006
Q31034	Leonel  de Cervantes Saavedra y Tello	3	Q90003,Q91769,Q92010
Q31166	Leonor Catalina  de Salazar y de la Cadena	3	Q90029,Q91793,Q92044
Q31178	de Salazar	3	Q90029,Q91793,Q92044
Q31182	de Salazar	3	Q90029,Q91793,Q92044
Q31235	Francisco  Alonso de Maluenda y de la Pena	3	Q90039,Q91797,Q92058
Q31239	Lope  Alonso de Maluenda y de la Pena	3	Q90039,Q91797,Q92058
Q31553	Francisco  de Maluenda	3	Q90173,Q91962,Q92260
Q31557	Andres  de Maluenda y Garcia de Castro	3	Q90173,Q91962,Q92260
Q31561	Beatriz  de Maluenda y Garcia de Castro	3	Q90173,Q91962,Q92260
Q31877	Alonso  Martinez de Lerma Cartagena	3	Q89977,Q90241,Q91478
Q32234	Maria  Diaz de Cuellar	3	Q31154,Q31166,Q92400
Q32238	maria  de la pena	3	Q31158,Q92046,Q92410
Q32302	Francisca  Velasquez de Salazar y de la Cadena	3	Q31174,Q92050,Q92418
Q32310	Gonzalo  de Salazar ( Velasquez de Salazar )	3	Q31174,Q92050,Q92418
Q32323	Marina  de Saavedra Guzman	3	Q31195,Q31721,Q92290
Q32335	Luis  Saavedra de la Cadena	3	Q31195,Q31721,Q92290
Q32339	Antonia  Saavedra de la Cadena	3	Q31195,Q31721,Q92290
Q32379	Juan  Rodriguez de Salamanca	3	Q31243,Q92062,Q92436
Q32383	Diego  Rodriguez de Salamanca	3	Q31243,Q92062,Q92436
Q32427	Juan Antonio  Funes de Villalpando y Arino	3	Q31287,Q32411,Q92591
Q32431	Garcia  Funes de Villalpando y Arino	3	Q31287,Q32411,Q92591
Q32435	Isabel  Funes de Villalpando y Arino	3	Q31287,Q32411,Q92591
Q32495	Jaime  Cerdan	3	Q31352,Q92613,Q92617
Q32812	Mayor of Cadiz Capt. Diego  Polanco	3	Q31593,Q92266,Q92686
Q32816	Catalina  de Polanco	3	Q31593,Q92266,Q92686
Q32969	Brianda de  Bazan y Castro	3	Q31625,Q92714,Q92718
Q33266	Verena (Veronica)  Wyss	3	Q31857,Q92306,Q92787
Q33552	Pedro  Ramirez de Arellano y Zuniga	3	Q32146,Q92386,Q92908
Q33556	Gaspar  Ramirez de Arellano y Zuniga	3	Q32146,Q92386,Q92908
Q33833	Maria  Rangel Perguero y Rosales	3	Q32298,Q92426,Q93010
Q33857	Juan  Velazquez de Salazar y de Montejo	3	Q32306,Q92420,Q93006
Q33861	Diego  Velazquez del Castillo	3	Q32306,Q92422,Q93008
Q33881	Juan  de Saavedra Guzman y Villafane	3	Q32327,Q33129,Q92404
Q34023	Matias  Marin de Resende Francia y de Ciria	3	Q32439,Q92601,Q93179
Q34492	Beatriz  de Santa Cruz Polanco	3	Q32776,Q32780,Q93277
Q34496	Juan  de Santa Cruz Polanco	3	Q32776,Q32780,Q93277
Q34500	Feliciano  Santa Cruz Polanco	3	Q32776,Q32780,Q93277
Q34504	Pedro  de Santa Cruz Polanco	3	Q32776,Q32780,Q93277
Q34512	Estefania  Santa Cruz Polanco	3	Q32776,Q32780,Q93277
Q34573	Francisco  Lopez de Polanco	3	Q32796,Q92688,Q93285
Q34577	Gregorio  de Polanco	3	Q32796,Q92688,Q93285
Q34581	Diego  Polanco	3	Q32796,Q92688,Q93285
Q34585	Nicolas  Polanco	3	Q32796,Q92688,Q93285
Q34589	Juan  Polanco	3	Q32796,Q92688,Q93285
Q34593	Fernando  de Polanco	3	Q32796,Q92688,Q93285
Q34601	Beatriz  de Polanco	3	Q32800,Q92690,Q93287
Q34605	Alonso  de Polanco	3	Q32800,Q92690,Q93287
Q34609	Beltran  Polanco de Castro	3	Q32800,Q92690,Q93287
Q34709	Maria  de Castro y Polanco	3	Q32929,Q92708,Q93323
Q35580	Beatriz  de Cervantes y Alarcon	3	Q33486,Q93530,Q93532
Q35785	Maria  de Castro y Zuniga	3	Q33680,Q92930,Q93634
Q35793	N.  de Castro y Zuniga	3	Q33680,Q92930,Q93634
Q35889	Juan Andres  de Zaldivar	3	Q33733,Q39329,Q4948
Q38238	Bethuel	3	Q4675,Q4676,Q60372
Q39309	Petronila  Sotelo de Moctezuma	3	Q39168,Q39305,Q39413
Q4238	María Manrique de Lara	3	Q106950,Q115806,Q118603
Q46167	Manuel I of Trebizond	3	Q167261,Q50033,Q50038
Q46179	Andronikos II of Trebizond	3	Q167291,Q46167,Q50050
Q4881	Daughter	3	Q2497,Q51906,Q53018
Q49428	Arjuna	3	Q153367,Q153368,Q1906
Q51818	Ptolemy Memphites	3	Q73035,Q73038,Q73194
Q51870	Mursili	3	Q2497,Q51890,Q53018
Q51894	Arnuwanda II	3	Q2497,Q51890,Q53018
Q51910	Muwatti	3	Q2497,Q51906,Q53018
Q51914	Daughter	3	Q2497,Q51906,Q53018
Q54368	Unnamed clade 2 Eotetrapodiformes	3	Q152957,Q30792,Q30796
Q55608	Manuel III of Trebizond	3	Q167388,Q50087,Q55599
Q55919	Alexios IV of Trebizond	3	Q167352,Q50295,Q55608
Q60944	Justus	3	Q137789,Q61173,Q61202
Q60974	Julia Galla	3	Q61235,Q61301,Q99314
Q61355	正約  范陽涿縣	3	Q60740,Q60749,Q61418
Q61532	Flavia Maximiana Theodora	3	Q61598,Q61631,Q61891
Q61933	欽仁  廣平列人	3	Q61211,Q61505,Q61508
Q62555	Constantine the Great	3	Q61565,Q61664,Q62552
Q63625	Qurt (Quraat) bin Raza al-Adawi'	3	Q63254,Q97606,Q98255
Q63780	Marcus Aurelius	3	Q139826,Q64549,Q64582
Q64026	Hubba bint Hulail	3	Q64447,Q90676,Q95688
Q64062	'Umar bin Makhzum	3	Q63577,Q64059,Q95649
Q64065	'Imran bin Makhzum	3	Q63577,Q64059,Q95649
Q64074	BASIS  AS	3	Q63577,Q64059,Q95649
Q64077	Amr  Banu Taym	3	Q63592,Q63607,Q64089
Q64080	Ka'ab bin  Sa'ad at-Taymi	3	Q63592,Q63607,Q64089
Q6429	Shaohao	3	Q6420,Q6425,Q87834
Q6445	Zhuanxu	3	Q6430,Q6443,Q70032
Q64453	Abu Ghabshan al-Muhtarish son of Hulail al-Khuzaa	3	Q64447,Q90676,Q95688
Q64516	Antoninus Pius	3	Q65423,Q65456,Q65489
Q64600	'Amr bin  Ka'ab at-Taymi	3	Q64080,Q64196,Q64597
Q6462	Xu Fu	3	Q153772,Q6491,Q6493
Q6478	Hou Ji	3	Q6453,Q6470,Q87823
Q6480	Xie of Shang	3	Q6453,Q6472,Q87823
Q64849	Hilal son of Faalij	3	Q64379,Q64846,Q96270
Q64990	'Abd al-'Uzza bin Sayyidi 'Abd Shams	3	Q64471,Q94808,Q95189
Q64993	Habib son of  Abd Shams	3	Q64471,Q94808,Q95189
Q64999	Umayyah al-Akbar bin Sayyidi 'Abd Shams	3	Q64471,Q94808,Q95189
Q6513	Shun	3	Q2453,Q6529,Q6531
Q65192	Gaius Annianus Verus	3	Q141756,Q66425,Q66455
Q65225	Annia Cornificia Faustina	3	Q139826,Q64549,Q64582
Q65555	'Adnaan Bin  Imaam 'Udd	3	Q66382,Q66385,Q66394
Q65585	Julius	3	Q66976,Q66991,Q67024
Q65750	Abdullah  Banu Hashim	3	Q65008,Q65909,Q94219
Q65808	Abu al-'As ibn Umayya	3	Q108181,Q64987,Q95187
Q65831	Harb son of Umayyah Ibn  Umayyah	3	Q64999,Q65075,Q95704
Q66140	Warraqa'	3	Q65237,Q96266,Q96922
Q6616	Taibo	3	Q6605,Q6612,Q87737
Q66164	Petronius Probinus	3	Q123588,Q75610,Q75613
Q6618	Zhongyong of Wu	3	Q6605,Q6612,Q87737
Q66363	Abu Bakr son of Maulana Ali	3	Q65450,Q66360,Q94016
Q66385	Imaam 'Udd \ Add Ben  Add Ben ?'Udadh	3	Q67549,Q67552,Q67555
Q66530	"Arwaa' ""Umm-e-Jamil"" binte Harb"	3	Q65708,Q65831,Q95706
Q66536	Safi son of Harith son of Harb	3	Q65708,Q66533,Q94405
Q66590	Amir son of  Hamza	3	Q65732,Q94413,Q94749
Q66662	Abu al-'As bin ar-Rabeea'	3	Q65817,Q66128,Q96276
Q66670	Fatimah binte Shaibah ar-Rabi'ah	3	Q65820,Q95700,Q96278
Q66682	Amir son of  Kurayz	3	Q65825,Q65876,Q94223
Q66688	Talha son of  Kurayz	3	Q65825,Q65876,Q94223
Q66691	Umm Talha daughter of  Kurayz	3	Q65825,Q65876,Q94223
Q66706	Naufal son of al-Haarith	3	Q65861,Q94403,Q94709
Q66709	Arwah binte al-Haarith	3	Q65861,Q94403,Q94719
Q66712	'Abd Shams bin al-Haarith	3	Q65861,Q94403,Q94709
Q66724	Rabeea' bin al-Haarith	3	Q65861,Q94403,Q94709
Q66727	Abu Sufyaan son of al-Haarith	3	Q65861,Q94403,Q94709
Q66739	Utaybah bin Abu Lahab	3	Q65867,Q66530,Q94227
Q66742	Uzza bin  Abd al-'Uzza (Abu Lahab)	3	Q65867,Q66530,Q94227
Q66745	MU'ATTIB bin  Abd al-'Uzza (Abu Lahab)	3	Q65867,Q66530,Q94227
Q66751	Publius Aelius Hadrianus Afer	3	Q68157,Q68190,Q70095
Q66754	Khalid bin  Abd al-'Uzza (Abu Lahab)	3	Q65867,Q66530,Q94227
Q66763	Utbah son of Abu Lahab  Abu Lahab	3	Q65867,Q66530,Q94227
Q66766	Masruh bin  Abd al-'Uzza (Abu Lahab)	3	Q65867,Q94227,Q94467
Q66784	Andhra Pradesh	3	Q68223,Q68256,Q68283
Q66796	Arwa daughter of  Kurayz	3	Q65876,Q94223,Q94447
Q66799	Duba'ah bint  Az-Zubayr	3	Q65882,Q94225,Q94449
Q66802	Umm Hakim daughter of  Az-Zubayr	3	Q65882,Q94225,Q94449
Q66805	Safiya daughter of  Az-Zubayr	3	Q65882,Q94225,Q94449
Q66808	Umm al-Zubayr daughter of  Az-Zubayr	3	Q65882,Q94225,Q94449
Q66817	Pompeia Plotina	3	Q151520,Q68317,Q68335
Q66826	Tulayb son of  Umayr	3	Q65885,Q94229,Q94469
Q66829	Abu Salma 'Abdullah bin 'Abdul Asad	3	Q65888,Q94237,Q94491
Q66832	Abu Sabra son of  Abu Ruhm	3	Q65888,Q94237,Q94491
Q66838	Abdullah son of  Jahsh	3	Q65900,Q94235,Q94483
Q66844	Hammanah binte Jahash al-Asadi	3	Q65900,Q94235,Q94483
Q66847	Abu Ahmad	3	Q65900,Q94235,Q94483
Q66853	Habiba (Umm Habib) daughter of  Jahsh	3	Q65900,Q94235,Q94483
Q66895	Zaynab (daughter of Jahsh)  Banu Asad-Mudar	3	Q65933,Q94235,Q94479
Q66940	Umme Katheer binte al-Abbas	3	Q86888,Q94415,Q94772
Q66943	Safiya binte al-Abbas	3	Q86888,Q94415,Q94772
Q66949	Amina daughter of  al-Abbas	3	Q86888,Q94415,Q94772
Q66952	Katheer son of al-Abbas	3	Q86888,Q94415,Q94772
Q66955	Tamaam son of al-Abbas	3	Q86888,Q94415,Q94772
Q66958	al-Faraa daughter of  al-Abbas	3	Q86888,Q94415,Q94778
Q66961	al-Abbas son of  al-Abbas	3	Q86888,Q94415,Q94778
Q66964	Mushir son of  al-Abbas	3	Q86888,Q94415,Q94778
Q66967	Awn son of  Abbas	3	Q86888,Q94415,Q94778
Q66991	Gaius Julius Longinus Soaemus of Emesa	3	Q67024,Q99322,Q99324
Q67486	Yahya son of  Maulana Ali	3	Q66360,Q66566,Q66874
Q67492	Awn son of  Maulana Ali	3	Q66360,Q66566,Q66874
Q67672	"Muhammad bin ""Abu Salma"" 'Abdullah"	3	Q66506,Q66829,Q94475
Q67675	"Salma bin ""Abu Salma"" 'Abdullah"	3	Q66506,Q66829,Q94475
Q67678	Umar son of  Abu Salama	3	Q66506,Q66829,Q94475
Q67681	Durah daughter of  Abu Salama	3	Q66506,Q66829,Q94475
Q67684	Zainab daughter of  Abu Salama	3	Q66506,Q66829,Q94475
Q67690	Umayna daughter of  Sakhr (Abu Sufyan)	3	Q66527,Q66659,Q96284
Q67693	Hind daughter of  Sakhr (Abu Sufyan)	3	Q66527,Q66659,Q96284
Q67696	Sakhra daughter of  Sakhr (Abu Sufyan)	3	Q66527,Q66659,Q96284
Q67702	'Amr bin Abu Sufyaan	3	Q66527,Q66659,Q96284
Q67768	Juwayriya daughter of  Sakhr (Abu Sufyan)	3	Q66527,Q66673,Q96284
Q67771	Umm Hakam daughter of  Sakhr (Abu Sufyan)	3	Q66527,Q66673,Q96284
Q67774	Utbah son of  Sakhr (Abu Sufyan)	3	Q66527,Q66673,Q96284
Q67777	Hanzala son of Abu Sufyaan	3	Q66527,Q66673,Q96284
Q67780	Maimoona binte Abu Sufyaan	3	Q66527,Q96284,Q96950
Q67789	Harith son of  Sakhr (Abu Sufyan)	3	Q66527,Q96284,Q96958
Q67792	Azzah daughter of  Sakhr (Abu Sufyan)	3	Q66527,Q96284,Q96958
Q67834	Khalid son of  Zubayr	3	Q66539,Q94723,Q95135
Q67837	Umar son of  Zubayr	3	Q66539,Q94723,Q95135
Q67840	Habiba daughter of  Zubayr	3	Q66539,Q94723,Q95135
Q67843	Sawda daughter of  Zubayr	3	Q66539,Q94723,Q95135
Q67846	Hind daughter of  Zubayr	3	Q66539,Q94723,Q95135
Q67855	Ramlah daughter of  Zubayr	3	Q66539,Q94723,Q95139
Q67858	Hamzah son of  Zubayr	3	Q66539,Q94723,Q95139
Q67885	Abdullah bin  Ja'afar ut-Tayyar	3	Q66566,Q66775,Q66877
Q67932	Asma binte Sayyidna Aqeel	3	Q66670,Q66772,Q94034
Q67935	Zainab binte Sayyidna Aqeel	3	Q66670,Q66772,Q94034
Q67938	Muhammad son of Sayyidna Aqeel	3	Q66670,Q66772,Q94034
Q67941	'Isa bin Sayyidna Aqeel	3	Q66670,Q66772,Q94034
Q67944	al-Hasan son of Sayyidna Aqeel	3	Q66670,Q66772,Q94034
Q67947	Yazid son of Sayyidna Aqeel	3	Q66670,Q66772,Q94034
Q67983	Utbah son of  Nawfal	3	Q66706,Q66748,Q94461
Q67986	Walid son of  Naufal	3	Q66706,Q66748,Q94461
Q67989	Abu Muslim son of  Naufal	3	Q66706,Q66748,Q94461
Q68016	Abdullah son of Abu Sufyaan son of al-Haarith	3	Q66727,Q66787,Q94040
Q68019	Ali son of Abu Sufyaan son of al-Haarith	3	Q66727,Q66787,Q94040
Q68022	NN Daughter of Abu Sufyan daughter of  Abu Sufyan	3	Q66727,Q66787,Q94040
Q68028	Ja'afar bin Abu Sufyaan bin al-Haarith	3	Q66727,Q66787,Q94040
Q68079	Abdullah son of  Aqeel	3	Q66772,Q67241,Q94034
Q68082	Abu Said son of  Aqeel	3	Q66772,Q67241,Q94034
Q68085	Ramlah binte Sayyidna Aqeel	3	Q66772,Q67241,Q94034
Q68088	Abdul Rahman son of  Aqeel	3	Q66772,Q67241,Q94034
Q68094	Ja'far bin  Aqeel	3	Q66772,Q67241,Q94034
Q68097	Musa son of  Aqeel	3	Q66772,Q67241,Q94034
Q68118	Arwa bint Kurayz	3	Q107397,Q66796,Q67965
Q68148	Usama son of  Abu Ahmad	3	Q66847,Q67786,Q94858
Q68293	Muhammad son of  Abdullah	3	Q86876,Q94757,Q95155
Q68302	al-Fadl son of  Abdullah	3	Q86876,Q94757,Q95155
Q68308	Asma daughter of  Abdullah	3	Q86876,Q94757,Q95159
Q68617	Umar bin Khaththab (Amirul mu'minin)	3	Q67142,Q67148,Q67364
Q69170	Fatimah bint Husayn	3	Q67465,Q68782,Q68815
Q69413	Muhammad son of  Abdur Rahman	3	Q67651,Q94836,Q94862
Q69416	Humayd son of  Abdur Rahman	3	Q67651,Q94836,Q94862
Q69425	Amat ar-Rahman son of  Abdur Rahman	3	Q67651,Q94836,Q94862
Q69428	Ibrahim son of Abdul Rahman son of al-Awf	3	Q67651,Q94836,Q94862
Q69431	Hamida daughter of  Abdur Rahman	3	Q67651,Q94836,Q94862
Q69434	Yahya son of Abdul Rahman son of al-Awf	3	Q67651,Q94836,Q94862
Q69437	Urwa son of  Abdur Rahman	3	Q67651,Q94836,Q94862
Q69440	Bilal son of  Abdur Rahman	3	Q67651,Q94836,Q94862
Q69503	Abu Sufyan son of Huwaithib	3	Q67708,Q96932,Q97632
Q69535	Hisham bin 'Urwah	3	Q67801,Q95113,Q95651
Q69589	Muhammad son of Marwan I son of al-Hakam	3	Q67906,Q94363,Q98269
Q69706	Plancina  Munatia	3	Q141581,Q70331,Q70334
Q70152	Rubellia Bassa	3	Q70718,Q70751,Q77386
Q70340	Lucius Scribonius Libo	3	Q139746,Q70988,Q71002
Q70361	Marcus Junius Silanus	3	Q144099,Q71137,Q71146
Q70439	Shu-Ilishu	3	Q129841,Q70436,Q70475
Q70910	Arrecina Clementina	3	Q71882,Q71915,Q77257
Q71137	Marcus Junius Silanus	3	Q72287,Q72290,Q72439
Q72434	Marcus Aemilius Lepidus	3	Q72615,Q72618,Q72693
Q72457	Gnaeus Pompeius Strabo	3	Q72645,Q72648,Q73020
Q72624	Livia	3	Q72798,Q72801,Q73284
Q72798	Marcus Livius Drusus	3	Q72951,Q72954,Q73431
Q72801	Cornelia	3	Q72957,Q73017,Q73428
Q72888	Tryphaena	3	Q73035,Q73038,Q78719
Q72933	Marcus Licinius Crassus	3	Q72657,Q73083,Q73098
Q72957	Consul (138 BC) - Publius Cornelius Scipio Nasica Serapio	3	Q73128,Q73131,Q99368
Q72972	Publius Licinius Crassus Dives	3	Q72912,Q73665,Q99408
Q73020	Lucilia	3	Q139727,Q72645,Q72648
Q73035	Cleopatra III of Egypt	3	Q73038,Q73194,Q73197
Q73044	Cleopatra Thea	3	Q73038,Q73194,Q73197
Q73101	Consul (182 & 168 BC) - Lucius Aemilius Paullus Macedonicus	3	Q73266,Q73269,Q99378
Q73113	Marcus Aemilius Lepidus	3	Q73275,Q73278,Q73419
Q73128	Publius Cornelius Scipio Nasica Corculum	3	Q73293,Q99384,Q99386
Q73275	Marcus Aemilius Lepidus	3	Q151633,Q73419,Q73422
Q73284		3	Q72951,Q72954,Q73431
Q73296	Aemilia Tertia	3	Q73266,Q73269,Q99378
Q73377	Nysa	3	Q135914,Q73368,Q73380
Q73389	Sextus Julius Caesar	3	Q144027,Q73524,Q73527
Q73503	Laodice II	3	Q73635,Q73638,Q73746
Q73515	Laodice	3	Q133344,Q134310,Q73380
Q73563	Publius Claudius Pulcher	3	Q73677,Q73680,Q73782
Q73970	Appius Claudius Crassus Inregillensis	3	Q151743,Q74091,Q78752
Q74067	Darius II	3	Q74126,Q74129,Q99426
Q74201	Numa Marcius  Numae	3	Q74258,Q74261,Q74509
Q74252	Tatia	3	Q74311,Q74314,Q74317
Q74255	King of Rome II - Numa Pompilius (716-672 BC)	3	Q134935,Q74320,Q74323
Q74494		3	Q74629,Q74632,Q99494
Q74717	Erebos	3	Q130496,Q131426,Q131428
Q74804	Latinus Silvius	3	Q134044,Q74813,Q74816
Q74861	"Faunus ""Lupercus""  ben Picus"	3	Q74873,Q74876,Q90259
Q74909	Tros  King of Troy	3	Q74940,Q74943,Q90464
Q74973	Danaus	3	Q131024,Q74701,Q90576
Q74991	Abas	3	Q132482,Q133142,Q75039
Q75012	Electra 	3	Q74970,Q74973,Q90309
Q75087	"Enarete, ""Aenarete"", ""Enareta"", ""Aegiale"""	3	Q75120,Q75123,Q90470
Q75138	Ladon	3	Q74970,Q74973,Q90309
Q75201	Cambo Blascon (Jupiter II)  Janigenae	3	Q75231,Q75234,Q90608
Q75231	Blascon King Of Janigenae  of the Janigenae	3	Q75270,Q75273,Q90610
Q75279	Pelasgus	3	Q74656,Q75315,Q90359
Q75336	Phoroneus	3	Q75357,Q75360,Q90325
Q75348	Tithonus	3	Q132332,Q74656,Q75369
Q75357	Melia	3	Q74970,Q74973,Q90309
Q75360	Inachus	3	Q74970,Q74973,Q90309
Q75495	Maria  de Rome	3	Q75498,Q75501,Q99627
Q76355	Appia Veturia Aurelia Coeciva Sabinilla	3	Q151576,Q76577,Q76580
Q76475	Sergius Octavius  Laenas Paullus	3	Q76693,Q76696,Q99659
Q76625	Gaius Neratius	3	Q76864,Q77083,Q99665
Q77257	Julia	3	Q72374,Q77485,Q77722
Q77791	Lucius Cassius Longinus	3	Q153597,Q77958,Q77961
Q78027	Glaphyra	3	Q78192,Q78195,Q99709
Q78189	Herod the Great	3	Q78348,Q78351,Q99725
Q78393	Appius Claudius Pulcher	3	Q78396,Q78525,Q78528
Q78582	Attalus I, king of Pergamon	3	Q78685,Q78688,Q78691
Q78603	Archelaus	3	Q74228,Q78710,Q79010
Q78691	King of Pergamon II - Eumenes I (263241 BC)	3	Q78764,Q78767,Q78770
Q78704	John Hyrcanus	3	Q151286,Q78776,Q85148
Q79114	Epiphania	3	Q113001,Q79102,Q99508
Q82390	Fernao  Soares de Moscoso	3	Q81587,Q82362,Q82364
Q85240	Nitocris  Princess of Egypt	3	Q195013,Q85249,Q85251
Q85247	Neferibre Psamtek Psammetichus last king of Judah	3	Q195013,Q85249,Q85251
Q85253	Psamtek Wahibre	3	Q195390,Q85261,Q85263
Q85380	Shoshenq D . 	3	Q195124,Q85374,Q85392
Q85438	Maatkare	3	Q195446,Q85416,Q85418
Q85654	Mentuhotep III (IV), King of Egypt 	3	Q85662,Q85664,Q85985
Q85664	Mentuhotep II Nebhepetra, King of Egypt 	3	Q85668,Q85670,Q85678
Q85674	Inyotef II, King of Egypt 	3	Q85680,Q85682,Q85903
Q85686	Ankhfn-Khonsu, Prince of Egypt 	3	Q85692,Q85694,Q85704
Q85740	Neferirkare Kakai 	3	Q195152,Q85744,Q85746
Q85754	Menkaure Khet	3	Q195158,Q85756,Q85758
Q85808	Djet	3	Q195273,Q85810,Q85812
Q86189	Senusret-sonbe . 	3	Q195205,Q86147,Q86159
Q86191	Khakhaure Senusret III	3	Q195205,Q86147,Q86149
Q86193	Sithathoryunet . 	3	Q195205,Q86147,Q86157
Q86197	Hetshepsut . 	3	Q195205,Q86147,Q86155
Q86199	Atmuneferu . 	3	Q195205,Q86147,Q86155
Q86269	Intef the Elder	3	Q195814,Q85686,Q85688
Q86565	Nachum  ben Achaya	3	Q86573,Q86575,Q91032
Q86567	Hobah  bat Rab	3	Q86577,Q86579,Q91038
Q86605	Hunya  ben Nathan	3	Q86613,Q86615,Q91216
Q86665	bat Hizkiya ibn Nearya	3	Q86675,Q86677,Q92232
Q86683	Hizkiya  ben Shehanya	3	Q86695,Q86697,Q92659
Q86836	Hazrat Syed Imam Muhammad Baqer RH son of  Imam Zainal Abidin	3	Q86852,Q86854,Q86856
Q86975	Lu'ay born of Ghalib	3	Q153797,Q62689,Q85847
Q87322	劉	3	Q87314,Q87342,Q87344
Q87340	Elchishye Bektur  	3	Q60233,Q87362,Q87364
Q87428	  	3	Q58889,Q87434,Q87436
Q87448	Cheng Kung  of Yan	3	Q58290,Q87452,Q87454
Q87513	 Kung  	3	Q58281,Q87523,Q87525
Q87533	 Kung  	3	Q57987,Q87543,Q87545
Q87535	 Kung  	3	Q57183,Q87547,Q87549
Q87727	Ji Li , 39  Ji 	3	Q6605,Q87737,Q87739
Q87821	 	3	Q6453,Q87823,Q87825
Q87896	Adda (or Addoi) daughter of Bustenai	3	Q86519,Q87872,Q90684
Q87906	"Mar Sutra I ""Guriya""  ben Mar Zutra III"	3	Q68341,Q87880,Q90759
Q88032	Nechemya  ben Magis	3	Q88006,Q90821,Q90845
Q88144	David Avraham  ben Hazub	3	Q88096,Q88216,Q90849
Q88146	"Abu Zakkai ""Yehudah""  ben David"	3	Q88096,Q88216,Q90849
Q88184	Avin ben Eliyahu	3	Q88136,Q90873,Q99125
Q88248	Yehuda ben Yosef  ibn Ezra Ibn Shaprut	3	Q88172,Q90867,Q90904
Q88250	Yitzhak ben Hasdai  ibn Ezra ibn Shaprut	3	Q88172,Q90867,Q90904
Q88448	Sitt al-Muna  bat Nathan	3	Q88370,Q88374,Q90976
Q88604	"David ""Ya'ish"" ibn Hiyya"	3	Q88526,Q88532,Q88536
Q88606	Shmuel  ben Yehudah	3	Q88526,Q88532,Q88536
Q88630	Avraham II  ben Ezra. HaLevi	3	Q88550,Q88650,Q91112
Q88644	Shmuel  Abravanel	3	Q88566,Q88628,Q91098
Q88646	????  Daughter of Isaac ibn Muhajir	3	Q88566,Q88628,Q91098
Q88827	Perfet Nasi	3	Q88741,Q88978,Q91240
Q89371	Gonzalo  Garcia de Santa Maria	3	Q89215,Q89309,Q91378
Q89491	Alonzo  Gutierrez de La Caballeria	3	Q89327,Q89369,Q91406
Q89493	Gonzalo  Gutierrez de la Caballeria	3	Q89327,Q89369,Q91406
Q89495	Pedro  Gutierrez de la Cavalleria	3	Q89327,Q89369,Q91406
Q89497	Diego  Gutierrez de la Cavalleria	3	Q89327,Q89369,Q91406
Q89498	Rodrigo  Gutierrez	3	Q89327,Q89369,Q91406
Q89540	Teresa  Rodriguez de Maluenda	3	Q89353,Q91458,Q91460
Q89570	N.  de la Cavalleria	3	Q89373,Q91494,Q91496
Q89777	Lope  Perez de Maluenda	3	Q89544,Q91464,Q91596
Q89779	Diego  Perez de Maluenda	3	Q89544,Q91464,Q91596
Q89781	Alvar  Perez de Maluenda	3	Q89544,Q91464,Q91596
Q89823	N.  de Maluenda	3	Q89570,Q89572,Q91662
Q89993	Gonzalo  de Cervantes Avellaneda	3	Q89759,Q91574,Q91763
Q89999	hernando  arias de Cervantes	3	Q89759,Q91574,Q91763
Q90001	Luisa de Avellaneda y Cervantes	3	Q89759,Q91574,Q91763
Q90031	Antonio  de la Cadena Maluenda	3	Q89775,Q91594,Q91791
Q90033	Luis  de la Cadena Maluenda	3	Q89775,Q91594,Q91791
Q90223	Clara  de Bocanegra Gutierrez Cavalleria	3	Q89951,Q91733,Q91976
Q90225	Juan  Gutierrez de Bocanegra	3	Q89951,Q91733,Q91976
Q90227	Marcos  Mexia de Bocanegera	3	Q89951,Q91733,Q91976
Q90283	Creusa  Zauja Ascanius	3	Q90301,Q90303,Q90672
Q90293	Perseis  Goddess	3	Q74970,Q74973,Q90309
Q90325	Inachus	3	Q74970,Q74973,Q90309
Q90353	Placia (Strymo)	3	Q74937,Q90329,Q90414
Q90402	Themisto	3	Q75138,Q90321,Q90400
Q90462	Eurybia	3	Q74701,Q74997,Q90460
Q90482	Leukon	3	Q75039,Q90291,Q90402
Q90506	Iolcus	3	Q75051,Q90534,Q90556
Q90564	Lelex	3	Q75039,Q90291,Q90514
Q90584	Cephissus	3	Q74970,Q74973,Q90309
Q92406	Juan  de Saavedra	3	Q31195,Q31721,Q92290
Q93810	Mattan	3	Q136469,Q93800,Q93808
Q94149	Ali ibn al-Husayn Zayn al-'Abidin	3	Q107980,Q67465,Q94147
Q94363	Marwan Bin Al- Hakam  Bin Abu Al- 'As Bint Umaiyah	3	Q107844,Q66647,Q96930
Q94405	Safiyyah daughter of Abd al-Muttalib	3	Q107580,Q64909,Q65008
Q94413	Hamza ibn Abd al-Muttalib	3	Q107580,Q64909,Q65008
Q94415	Abbas ibn Abd al-Muttalib	3	Q107586,Q65008,Q65948
Q95660	Salih son of Ali	3	Q108028,Q95157,Q95656
Q96032	Muhammad al-Taqi	3	Q108946,Q95512,Q96030
Q96888	Abbasa	3	Q108742,Q96218,Q96224
Q97109	Husayn	3	Q96424,Q97107,Q97799
Q97111	Ali ibn Abd Allah	3	Q109087,Q96424,Q97107
Q97336	"Imaam Abdullah ""Al-Mahdi Billah"" bin Imaam Husain ""Radi Abdullah"""	3	Q109161,Q96681,Q97360
Q98239	Al-Harith son of Fihr	3	Q153798,Q62779,Q85847
Q99310	Olybrius	3	Q111907,Q60293,Q62558
Q99322	Sampsiceramus III of Emesa	3	Q68650,Q68680,Q99326
Q99797	Gatón de Bierzo	3	Q75453,Q75456,Q99795
Q99799	Ordoño I of Asturias	3	Q110408,Q75453,Q99795
Q99839	Alfonso III of Asturias	3	Q110012,Q99799,Q99833
Q99863	Vimarano	3	Q111406,Q99819,Q99859
Q99881	Gudilona  Menéndez	3	Q75441,Q75444,Q99879
Q99883	Inderquina  Pallas	3	Q75441,Q75444,Q99879
Q99885	Hermensenda  Gutierrez	3	Q75441,Q75444,Q99879
Q99887	Guterre  Arias de Menéndez	3	Q75441,Q75444,Q99879
Q99889	Arias  Mendes de Coimbra, Conde de Coimbra	3	Q75441,Q75444,Q99879
Q99891	Aldonza  Menéndez	3	Q75441,Q75444,Q99879
Q99893	Aldara	3	Q75441,Q75444,Q99879
Q99895	Elvira  Menéndez	3	Q75441,Q75444,Q99879
Q99897	Aloito  Gutiérrez	3	Q75441,Q75444,Q99879
